"assessment","scenario","name","year","obs","obs.err","hat","lci","uci","lpp","upp","residual"
"Afr_penguin","s1","Dassen.Island",1979,12646,0.110137347445846,12554.0714975766,10053.9596357265,15550.4658293207,9191.71095374393,17117.5005175072,0.00729592455444816
"Afr_penguin","s1","Dassen.Island",1987,4588,0.110137347445846,4807.62369785143,3888.40492281639,5968.29420139845,3539.61700824049,6583.78193619203,-0.0467587290649636
"Afr_penguin","s1","Dassen.Island",1989,8428,0.110137347445846,8216.3888599175,6657.63025369976,10172.4308239063,6024.76292889256,11109.6104635384,0.0254286948449565
"Afr_penguin","s1","Dassen.Island",1991,9012,0.110137347445846,8812.51563377016,7202.57802871949,10806.8865074641,6528.60865249137,11888.8615893523,0.0223840803883437
"Afr_penguin","s1","Dassen.Island",1992,7563,0.110137347445846,7646.43586001461,6257.8145473038,9361.44745251498,5684.4360467405,10327.9480222667,-0.0109717017474367
"Afr_penguin","s1","Dassen.Island",1993,7199,0.110137347445846,7413.35942700961,6069.22659867643,9089.23802368865,5494.75695371372,10114.8618555363,-0.0293415730513438
"Afr_penguin","s1","Dassen.Island",1994,9389,0.110137347445846,9203.47640260207,7528.91206145516,11224.883897485,6819.87424590822,12402.6671023926,0.0199575087481954
"Afr_penguin","s1","Dassen.Island",1995,9792,0.110137347445846,9712.53018037248,7898.61467230915,11902.8657564257,7184.14751682156,13102.1414917372,0.00814890270677537
"Afr_penguin","s1","Dassen.Island",1996,9502,0.110137347445846,9473.64389322566,7712.26515910143,11577.3630510297,6966.34834078004,12840.6710128704,0.00298868676508413
"Afr_penguin","s1","Dassen.Island",1997,8651,0.110137347445846,8926.94473124402,7318.3217849264,10941.7823571558,6640.43982750257,12087.9083922941,-0.0313992797895022
"Afr_penguin","s1","Dassen.Island",1998,10918,0.110137347445846,11024.1288555098,9000.9427753958,13555.9269830338,8144.38635379701,14882.1738677153,-0.00967359947819979
"Afr_penguin","s1","Dassen.Island",1999,15155,0.110137347445846,14860.0954268245,12133.1510256235,18216.9914384004,10988.4917324203,20255.968421961,0.01965104951638
"Afr_penguin","s1","Dassen.Island",2000,17042,0.110137347445846,17169.5424708809,14014.5372831417,20933.4346622201,12670.9321738262,23027.1895379412,-0.00745614214106283
"Afr_penguin","s1","Dassen.Island",2001,21410,0.110137347445846,21035.7844125137,17210.5216413001,25736.0446628606,15582.6542829214,28432.8348630136,0.0176330954289252
"Afr_penguin","s1","Dassen.Island",2002,22681,0.110137347445846,22276.934959836,18242.2937974614,27231.7353722242,16417.3511639687,29967.7263397192,0.0179757331303652
"Afr_penguin","s1","Dassen.Island",2003,20196,0.110137347445846,20756.123032498,16908.7366494365,25425.4186633207,15323.6948255701,27943.8364078225,-0.0273567240542736
"Afr_penguin","s1","Dassen.Island",2004,24901,0.110137347445846,24131.6052769331,19698.718574913,29350.8356500406,17818.6086112492,32394.6558289677,0.0313855596939518
"Afr_penguin","s1","Dassen.Island",2005,22687,0.110137347445846,21772.41045407,17739.8805711575,26599.4955008745,16136.1872923968,29171.3881976309,0.0411484804380589
"Afr_penguin","s1","Dassen.Island",2006,13283,0.110137347445846,13703.4885674584,11198.1100474633,16781.2561906316,10192.2767636644,18695.020972296,-0.0311654182289303
"Afr_penguin","s1","Dassen.Island",2007,11785,0.110137347445846,11214.7646480112,9131.02721367241,13762.5665360969,8289.11350478739,15081.6849550728,0.0495963541010163
"Afr_penguin","s1","Dassen.Island",2008,5719,0.110137347445846,6031.41627950648,4950.6264236238,7370.95817549165,4502.16975958657,8227.09100441515,-0.0531878904510492
"Afr_penguin","s1","Dassen.Island",2009,5145,0.110137347445846,5197.67834334455,4255.26354663936,6356.51323119967,3848.31591038302,7000.14929732391,-0.0101866841691347
"Afr_penguin","s1","Dassen.Island",2010,4929,0.110137347445846,4846.77612796461,3937.40545351708,5944.79915755618,3563.8144484027,6566.01445232526,0.0168223596789865
"Afr_penguin","s1","Dassen.Island",2011,3896,0.110137347445846,3842.33665102742,3141.43196053772,4688.19020526875,2827.46817723142,5136.7614476565,0.0138697013717319
"Afr_penguin","s1","Dassen.Island",2012,2678,0.110137347445846,2759.57045001102,2260.25666775156,3375.03968051948,2046.70788894158,3736.46898121272,-0.0300047862938619
"Afr_penguin","s1","Dassen.Island",2013,2633,0.110137347445846,2586.31804553294,2097.87153910226,3184.69001971335,1912.69809716821,3498.82815777395,0.0178886202817781
"Afr_penguin","s1","Dassen.Island",2014,2022,0.110137347445846,2078.82096174031,1698.18323450974,2546.12209614593,1536.47143488283,2816.73601459814,-0.027713767080245
"Afr_penguin","s1","Dassen.Island",2015,2140,0.110137347445846,2108.86424582004,1721.82382403959,2577.38682782248,1566.14992170981,2849.20305077165,0.0146562985894336
"Afr_penguin","s1","Dassen.Island",2016,1862,0.110137347445846,1889.39931700173,1554.77182650685,2318.0638570373,1407.81477911226,2584.01038845343,-0.0146077780084521
"Afr_penguin","s1","Dassen.Island",2017,1922,0.110137347445846,1909.01231340192,1546.07975620497,2344.78225384953,1395.0125794112,2574.82429449067,0.00678031564094361
"Afr_penguin","s1","Robben.Island",1983,9,0.110137347445846,9.97763070693514,8.09658353260188,12.4035311245651,7.37757702139268,13.6175304572981,-0.103121080687619
"Afr_penguin","s1","Robben.Island",1984,24,0.110137347445846,25.1647910279474,20.6129334667519,30.930070301121,18.7422775979336,34.1172762973801,-0.0473920057706909
"Afr_penguin","s1","Robben.Island",1985,103,0.110137347445846,96.9769231152736,78.9719068608821,118.694823211794,71.7936860025047,130.004917262141,0.0602559440584889
"Afr_penguin","s1","Robben.Island",1986,227,0.110137347445846,224.012802818724,183.649286172078,273.379394432968,165.25236967158,302.065937372141,0.0132468118189424
"Afr_penguin","s1","Robben.Island",1987,476,0.110137347445846,465.421786739479,380.313528535891,572.161345287497,344.739110436068,627.957679719308,0.0224737915249316
"Afr_penguin","s1","Robben.Island",1988,849,0.110137347445846,803.126099806899,655.19447696144,977.556216727851,593.481241246924,1085.76574745663,0.0555474488193326
"Afr_penguin","s1","Robben.Island",1989,829,0.110137347445846,861.407992350131,706.041045540727,1051.13572515924,638.592844373537,1164.42318666846,-0.0383480957678044
"Afr_penguin","s1","Robben.Island",1990,1278,0.110137347445846,1272.36152839287,1045.27069103266,1553.47695316085,943.779478884818,1708.5294120742,0.0044217109857394
"Afr_penguin","s1","Robben.Island",1991,1879,0.110137347445846,1823.2078729675,1491.76680808932,2225.24849810678,1350.91137664353,2476.9389072243,0.0301422032774568
"Afr_penguin","s1","Robben.Island",1992,2027,0.110137347445846,2022.27118894244,1649.94904386678,2475.84541091556,1490.36523906262,2746.43407358315,0.00233563670429948
"Afr_penguin","s1","Robben.Island",1993,2176,0.110137347445846,2204.20287721468,1815.77898170627,2694.06260258976,1644.6999374681,2982.91488118765,-0.0128776076136123
"Afr_penguin","s1","Robben.Island",1994,2799,0.110137347445846,2694.03253087643,2199.56119513054,3302.16888081604,1999.03757435112,3622.26971138166,0.0382230573112841
"Afr_penguin","s1","Robben.Island",1995,2279,0.110137347445846,2382.05979843474,1951.21902133262,2930.93339826769,1771.24991717518,3216.63871032892,-0.0442288246511522
"Afr_penguin","s1","Robben.Island",1996,3097,0.110137347445846,3033.28572107219,2479.7737339754,3721.45219160493,2255.05182599395,4079.636791634,0.0207874726093866
"Afr_penguin","s1","Robben.Island",1997,3336,0.110137347445846,3329.07424214579,2722.89309876332,4071.86641639806,2472.50949184235,4533.52155614101,0.00207822451642414
"Afr_penguin","s1","Robben.Island",1998,3467,0.110137347445846,3533.7380725166,2901.57856532358,4318.45699817669,2627.0107283407,4755.6265047469,-0.0190665880122616
"Afr_penguin","s1","Robben.Island",1999,4399,0.110137347445846,4391.63146350649,3592.81973362132,5370.45077588619,3241.24972879626,5854.36536075407,0.0016764525392432
"Afr_penguin","s1","Robben.Island",2000,5407,0.110137347445846,5377.60486399872,4401.83084670849,6612.18248549139,4006.64903057093,7317.31051870084,0.00545132791909886
"Afr_penguin","s1","Robben.Island",2001,6427,0.110137347445846,6350.17943669152,5192.17041522921,7760.0323411601,4709.22712299211,8574.70821087738,0.0120247961370943
"Afr_penguin","s1","Robben.Island",2002,7099,0.110137347445846,6932.96203401041,5666.05955678665,8473.04423680923,5145.30555005699,9396.98722805563,0.0236667852390475
"Afr_penguin","s1","Robben.Island",2003,5968,0.110137347445846,6193.98341709307,5090.41921989213,7600.68502547706,4610.89208939461,8329.80575080353,-0.0371665413926685
"Afr_penguin","s1","Robben.Island",2004,7798,0.110137347445846,7571.11213907865,6173.52851443027,9258.09149307057,5601.80347486394,10203.9437686161,0.0295273198888228
"Afr_penguin","s1","Robben.Island",2005,7152,0.110137347445846,7058.63070820344,5767.68560865963,8602.8998576,5205.91982208814,9525.57961989267,0.0131409558563291
"Afr_penguin","s1","Robben.Island",2006,5868,0.110137347445846,5951.62608625638,4885.78400381997,7340.46193256209,4444.67151436412,8033.66666321906,-0.0141506137471961
"Afr_penguin","s1","Robben.Island",2007,5935,0.110137347445846,5740.87576939562,4673.40124193981,7011.35021316292,4235.46256624949,7729.43219826717,0.0332552563028035
"Afr_penguin","s1","Robben.Island",2008,4215,0.110137347445846,4136.63757742888,3388.91719573495,5059.915612477,3064.09223109606,5629.44148868711,0.0187663129779505
"Afr_penguin","s1","Robben.Island",2009,2415,0.110137347445846,2562.69457851843,2090.76488427894,3134.38314332649,1908.56410143326,3459.85632280158,-0.0593599875575821
"Afr_penguin","s1","Robben.Island",2010,2628,0.110137347445846,2535.67186781767,2063.28249023607,3095.49936235845,1884.2872578248,3448.39125647454,0.0357644620807509
"Afr_penguin","s1","Robben.Island",2011,1817,0.110137347445846,1855.51453181314,1521.91728954317,2273.88221656288,1385.01356017223,2510.4130150094,-0.0209752438243616
"Afr_penguin","s1","Robben.Island",2012,1669,0.110137347445846,1653.54151571431,1355.53117670916,2013.72665232211,1231.42981715887,2229.9357904838,0.00930528377513529
"Afr_penguin","s1","Robben.Island",2013,1364,0.110137347445846,1357.77364104824,1110.47851121638,1653.70008156996,1004.98220512973,1829.89042228745,0.00457522970983426
"Afr_penguin","s1","Robben.Island",2014,1016,0.110137347445846,1061.85459824902,869.123461317566,1303.91667116367,788.616890013544,1442.29215136346,-0.0441436511534778
"Afr_penguin","s1","Robben.Island",2015,1216,0.110137347445846,1212.65643383787,988.793884840562,1477.96243127148,897.987023616173,1629.9791319827,0.00275343043828524
"Afr_penguin","s1","Robben.Island",2016,1355,0.110137347445846,1349.54810729807,1093.40164750052,1650.63269490339,992.74796856927,1834.0967563424,0.00403165325246757
"Afr_penguin","s1","Robben.Island",2017,1440,0.110137347445846,1452.47772170977,1177.27466139754,1794.01518349941,1067.94953418777,1975.9743027517,-0.0086277581449492
"Afr_penguin","s1","Boulders",1985,2,0.110137347445846,2.1436312419314,1.73366284679919,2.68756371617347,1.56841786094974,2.95398791894353,-0.0693540524878925
"Afr_penguin","s1","Boulders",1987,7,0.110137347445846,7.64485960794932,6.25682486208768,9.44086453628117,5.67208284281711,10.3787347014064,-0.0881233262524914
"Afr_penguin","s1","Boulders",1988,34,0.110137347445846,29.7895689380804,23.913349596874,36.2809721281159,21.7920637158951,40.1202173274562,0.132202228016463
"Afr_penguin","s1","Boulders",1989,38,0.110137347445846,38.5576504551712,31.4082176147624,47.1619231555541,28.4468319393627,51.8910585085097,-0.0145683759803479
"Afr_penguin","s1","Boulders",1990,54,0.110137347445846,56.5347275598723,46.3417716470952,69.4511158392515,41.9771296857823,76.6598323782353,-0.0458710498473591
"Afr_penguin","s1","Boulders",1991,131,0.110137347445846,123.502042231902,100.415604856039,150.754956326031,90.7531080116863,165.690968614155,0.0589396309791361
"Afr_penguin","s1","Boulders",1992,158,0.110137347445846,161.005386926334,131.595462761531,196.509473010631,119.530254015634,217.618326830139,-0.0188427905675272
"Afr_penguin","s1","Boulders",1993,241,0.110137347445846,239.34420749199,195.315186615177,293.9096685422,177.754362304756,323.025731783555,0.0068942189393848
"Afr_penguin","s1","Boulders",1994,359,0.110137347445846,346.436775947395,282.509800270744,423.157429808925,256.04691502191,467.760396614607,0.0356220513053307
"Afr_penguin","s1","Boulders",1995,366,0.110137347445846,369.922995271991,302.804482634513,452.95587507722,273.769832930406,499.932180438405,-0.0106615296902373
"Afr_penguin","s1","Boulders",1996,416,0.110137347445846,431.261035573949,351.46672274636,527.856637072582,317.749036247316,583.002686380995,-0.0360282974935888
"Afr_penguin","s1","Boulders",1997,726,0.110137347445846,676.337239727545,550.280692710971,825.475760919654,498.507725894418,908.837470759109,0.0708581878421572
"Afr_penguin","s1","Boulders",1998,555,0.110137347445846,590.874205034428,483.053917274644,725.618678936367,436.983912408292,799.976725851224,-0.062635029962089
"Afr_penguin","s1","Boulders",1999,906,0.110137347445846,873.322507328526,711.672176244255,1064.42314476905,647.803622063483,1180.85230871251,0.0367343942214911
"Afr_penguin","s1","Boulders",2000,949,0.110137347445846,949.638159368131,773.952116798713,1163.54897254154,702.762804684492,1283.14395645719,-0.000672228553939114
"Afr_penguin","s1","Boulders",2001,1054,0.110137347445846,1047.40785581521,856.866859001797,1282.85062324352,775.625823749034,1421.35576421671,0.00627404698309864
"Afr_penguin","s1","Boulders",2002,1083,0.110137347445846,1079.1300602173,882.051534712777,1319.50507862668,793.609819839319,1455.16554569885,0.00357975127080046
"Afr_penguin","s1","Boulders",2003,1033,0.110137347445846,1050.42387288456,859.78935462326,1287.50913266767,778.323020993405,1415.07884098109,-0.0167265810331481
"Afr_penguin","s1","Boulders",2004,1196,0.110137347445846,1181.91979194207,968.628126656291,1442.12815473346,879.62055443391,1602.92087587397,0.0118425967640183
"Afr_penguin","s1","Boulders",2005,1227,0.110137347445846,1205.10090954871,983.718431181909,1477.258181853,894.394886321284,1628.5610753254,0.0180088599282771
"Afr_penguin","s1","Boulders",2006,1075,0.110137347445846,1060.44518975531,865.177902987772,1300.34591139752,786.378547910323,1431.98808793639,0.0136318512917066
"Afr_penguin","s1","Boulders",2007,824,0.110137347445846,850.442855608348,698.423548730384,1041.24301568463,628.724684034762,1148.6266803225,-0.0315866904961331
"Afr_penguin","s1","Boulders",2008,913,0.110137347445846,889.039313039664,725.65846426448,1086.62551260026,655.334557030335,1205.02293222605,0.0265944244168939
"Afr_penguin","s1","Boulders",2009,704,0.110137347445846,735.952641605435,601.30453714817,904.863798684617,545.907985617899,998.097651845435,-0.044387414855775
"Afr_penguin","s1","Boulders",2010,933,0.110137347445846,887.537362498043,723.667264553465,1088.57257125125,657.726252918466,1191.71580340502,0.0499545817945499
"Afr_penguin","s1","Boulders",2011,663,0.110137347445846,694.457008956689,566.234843856837,852.568778721148,516.384022820038,940.719338048768,-0.0463552679423227
"Afr_penguin","s1","Boulders",2012,831,0.110137347445846,792.742147608722,646.205590871162,969.035439665309,582.218275008538,1069.9317251705,0.0471317867415246
"Afr_penguin","s1","Boulders",2013,553,0.110137347445846,601.071115849326,491.62719903956,738.484103542295,443.073410305965,812.384102542087,-0.0833552552127355
"Afr_penguin","s1","Boulders",2014,962,0.110137347445846,918.564363139066,749.124066329177,1129.03005012784,680.399628013751,1249.06550254817,0.0462024742804505
"Afr_penguin","s1","Boulders",2015,982,0.110137347445846,964.19153209743,786.889930103688,1175.56937695471,716.125671706027,1294.64428202612,0.0183013487307493
"Afr_penguin","s1","Boulders",2016,870,0.110137347445846,879.033835681631,715.667823021268,1074.3522853839,649.65783177226,1190.34565046051,-0.0103301786763916
"Afr_penguin","s1","Boulders",2017,854,0.110137347445846,871.949936729622,704.673991120048,1081.93019291802,639.98639385085,1195.51673506667,-0.0208008164649627
"Afr_penguin","s1","Stony.Point",1982,1,0.110137347445846,1.00580838135898,0.816658492731132,1.2440360339712,0.741814010480099,1.37106303499642,-0.00579157774842902
"Afr_penguin","s1","Stony.Point",1983,1,0.110137347445846,1.15885769324415,0.947610606620897,1.43954796276338,0.859169284929566,1.58505191721199,-0.147434772732879
"Afr_penguin","s1","Stony.Point",1984,5,0.110137347445846,4.69833489137216,3.82225475020109,5.72647711016231,3.45594927006749,6.3328498790979,0.0622297449209714
"Afr_penguin","s1","Stony.Point",1985,11,0.110137347445846,10.9880962644297,8.94914773205736,13.4272682159606,8.11284608038902,14.8749392597331,0.00108274373461725
"Afr_penguin","s1","Stony.Point",1986,27,0.110137347445846,25.4119602171838,20.5755804288565,31.148890851385,18.6032467891478,34.2489080286305,0.0606169281142632
"Afr_penguin","s1","Stony.Point",1989,69,0.110137347445846,68.107194952086,55.2691277032951,84.2700981386781,50.5179818356612,92.3243316355843,0.0130236442754272
"Afr_penguin","s1","Stony.Point",1990,89,0.110137347445846,85.2877551004806,69.8014304016191,104.07633818552,62.9054791101815,114.688504986802,0.0426054765297854
"Afr_penguin","s1","Stony.Point",1991,77,0.110137347445846,75.5086732754503,61.3823409465369,92.589693565297,55.7178448001173,101.18044189749,0.0195578943761232
"Afr_penguin","s1","Stony.Point",1992,57,0.110137347445846,56.9057625539535,46.4184137311809,69.6394306652588,42.1219901049987,77.3282092674913,0.00165465671682519
"Afr_penguin","s1","Stony.Point",1993,40,0.110137347445846,41.794256967467,34.269455310309,51.2704473094276,30.8813395065167,56.8071513658883,-0.0438794828546762
"Afr_penguin","s1","Stony.Point",1994,44,0.110137347445846,44.3683436601174,35.9418770301671,54.4708837672581,32.598058282708,60.6339411871493,-0.00833660060036667
"Afr_penguin","s1","Stony.Point",1998,72,0.110137347445846,72.2220673742636,58.6951828683322,89.8708940500825,52.6134849727679,98.589506163341,-0.00307952248645282
"Afr_penguin","s1","Stony.Point",2000,104,0.110137347445846,102.609938848215,83.357645250023,125.682262419485,75.4742855537581,138.397729425368,0.0134561012306413
"Afr_penguin","s1","Stony.Point",2001,111,0.110137347445846,110.65380496821,90.4138556696405,135.737475219709,82.2161518628027,148.988900129649,0.0031237479848194
"Afr_penguin","s1","Stony.Point",2003,123,0.110137347445846,120.248193504467,97.9911184038405,147.245250135844,88.8112895186688,162.213672307597,0.0226264693312626
"Afr_penguin","s1","Stony.Point",2004,98,0.110137347445846,106.078737827505,86.603122201711,131.00127798167,78.6769735969527,144.219286011693,-0.079214149388358
"Afr_penguin","s1","Stony.Point",2005,186,0.110137347445846,181.665490579765,148.114453336574,223.051188538824,134.659377970311,244.82188562717,0.0235796416118781
"Afr_penguin","s1","Stony.Point",2006,265,0.110137347445846,255.789784547094,208.500498353544,312.623091846057,188.284199024408,345.894626449406,0.0353738729512916
"Afr_penguin","s1","Stony.Point",2007,260,0.110137347445846,264.621857457039,217.197055194193,324.271773914754,196.683634841435,358.332913005633,-0.0176202229114111
"Afr_penguin","s1","Stony.Point",2008,310,0.110137347445846,318.284924166604,260.717033787553,389.876323212984,236.437447763694,431.682411865103,-0.0263746720886848
"Afr_penguin","s1","Stony.Point",2009,487,0.110137347445846,469.360404331362,382.972300472935,574.75589397378,348.037987712954,633.692490945962,0.0368931970128212
"Afr_penguin","s1","Stony.Point",2010,466,0.110137347445846,505.202084985405,414.101306184018,622.290867779404,374.667423419913,686.248345426296,-0.0807728833916688
"Afr_penguin","s1","Stony.Point",2011,1148,0.110137347445846,1107.64156269314,901.722737360242,1355.56618747607,819.020135474272,1494.12854647257,0.0357882612839164
"Afr_penguin","s1","Stony.Point",2012,1842,0.110137347445846,1766.6568265534,1437.59153609747,2166.04672508482,1292.90792866147,2381.51757539647,0.0417629758340938
"Afr_penguin","s1","Stony.Point",2013,2033,0.110137347445846,2009.99936813685,1639.35820984696,2463.79066813292,1485.57721253165,2695.74129782382,0.0113781269350532
"Afr_penguin","s1","Stony.Point",2014,2045,0.110137347445846,2078.68193214478,1699.15457506107,2545.63540471985,1545.53044547985,2814.22578096548,-0.0163362168854739
"Afr_penguin","s1","Stony.Point",2015,2533,0.110137347445846,2467.52097652484,2009.76111848759,3026.25184609341,1810.5318078091,3335.02100893079,0.0261903776056167
"Afr_penguin","s1","Stony.Point",2016,2388,0.110137347445846,2339.1183002368,1911.12265218637,2854.66026460935,1724.81057325253,3160.52804239396,0.0206821319363293
"Afr_penguin","s1","Stony.Point",2017,1774,0.110137347445846,1865.74459046691,1510.25663622089,2318.16163485777,1378.82294741085,2563.44840399967,-0.050423333749805
"Afr_penguin","s1","Dyer.Island",1979,22655,0.110137347445846,22737.1432980954,18295.3354365392,28183.8932322651,16668.6000732537,31289.7838658595,-0.00361927777780124
"Afr_penguin","s1","Dyer.Island",1986,18481,0.110137347445846,18130.4515422085,14626.8772682753,22566.2792839016,13261.8025060786,24833.7880231443,0.0191502470439957
"Afr_penguin","s1","Dyer.Island",1990,8349,0.110137347445846,8282.1888265713,6718.63414733828,10216.1678344868,6046.67614458223,11236.9347818779,0.00803448671409157
"Afr_penguin","s1","Dyer.Island",1991,6115,0.110137347445846,6351.41231285797,5216.44350986781,7782.56326631094,4726.42116587619,8629.82189723689,-0.0379324305093967
"Afr_penguin","s1","Dyer.Island",1992,7579,0.110137347445846,6774.12465785848,5499.0301189982,8280.14166070255,4955.16660639419,9116.79634064163,0.112271108203505
"Afr_penguin","s1","Dyer.Island",1993,2374,0.110137347445846,2782.22136819131,2278.77839487169,3460.33039031229,2066.28589319073,3845.68313015807,-0.158673365748163
"Afr_penguin","s1","Dyer.Island",1994,4649,0.110137347445846,4387.60027858972,3576.84773434901,5389.73751987899,3221.80195979766,5964.29726045678,0.0578696986586227
"Afr_penguin","s1","Dyer.Island",1995,4260,0.110137347445846,4176.58047490035,3397.79159887384,5113.58852325789,3083.82514195496,5621.21525038698,0.0197763167506722
"Afr_penguin","s1","Dyer.Island",1996,3279,0.110137347445846,3296.19595383594,2684.25643755594,4049.92581803216,2447.46127668964,4465.72574510495,-0.00523056443084258
"Afr_penguin","s1","Dyer.Island",1997,2745,0.110137347445846,2722.72035118961,2228.57000744534,3327.46534184006,2017.35842907032,3697.54171096859,0.00814956533567024
"Afr_penguin","s1","Dyer.Island",1998,1963,0.110137347445846,2058.93976786886,1684.47781644451,2522.50204876946,1519.41250182653,2802.9547929821,-0.047717259224302
"Afr_penguin","s1","Dyer.Island",1999,2363,0.110137347445846,2322.81861307112,1888.25022318916,2814.30067059004,1711.42507242702,3112.20791734488,0.0171506305167455
"Afr_penguin","s1","Dyer.Island",2000,2220,0.110137347445846,2217.93063115472,1815.73600297482,2697.47460606505,1647.25390334273,2990.40098586593,0.000932582848739649
"Afr_penguin","s1","Dyer.Island",2001,2088,0.110137347445846,2101.09528503334,1724.24852944591,2584.12930164346,1552.26750894004,2849.46609271682,-0.00625210304319079
"Afr_penguin","s1","Dyer.Island",2002,2145,0.110137347445846,2121.99443182145,1733.09445835718,2581.70461247933,1563.01453752201,2860.65390745058,0.0107831362154513
"Afr_penguin","s1","Dyer.Island",2003,1929,0.110137347445846,1961.67616993659,1605.19750319011,2420.87755958594,1458.68012766984,2663.45350940427,-0.0167975625964445
"Afr_penguin","s1","Dyer.Island",2004,2216,0.110137347445846,2179.77991405457,1778.3165570547,2657.1279852326,1613.83921312561,2942.8309315163,0.016479854036227
"Afr_penguin","s1","Dyer.Island",2005,2053,0.110137347445846,2057.63121152548,1678.72217575814,2529.18369269719,1526.64566141906,2784.8000545674,-0.00225328580778328
"Afr_penguin","s1","Dyer.Island",2006,2057,0.110137347445846,2000.84938528127,1635.46539184005,2450.9367672294,1487.25685115669,2681.16882903755,0.0276768276266335
"Afr_penguin","s1","Dyer.Island",2007,1513,0.110137347445846,1559.29519421958,1274.70119934561,1908.50015949281,1155.5759145576,2114.98343790204,-0.0301394857863047
"Afr_penguin","s1","Dyer.Island",2008,1605,0.110137347445846,1571.59435200062,1281.38464504343,1914.10956646871,1163.17134796843,2120.31209955203,0.0210331416756402
"Afr_penguin","s1","Dyer.Island",2009,1260,0.110137347445846,1297.77016092619,1066.78273551356,1590.17567515267,964.739181345627,1757.02008773005,-0.0295358099339147
"Afr_penguin","s1","Dyer.Island",2010,1455,0.110137347445846,1391.66926037725,1136.74148899941,1698.65687667735,1030.08007851058,1880.29771860112,0.0445019672463518
"Afr_penguin","s1","Dyer.Island",2011,975,0.110137347445846,1032.84277491498,845.87574020693,1265.52862531117,767.509242010178,1398.21710157747,-0.0576327841321955
"Afr_penguin","s1","Dyer.Island",2012,1300,0.110137347445846,1268.26901220997,1029.73534626224,1551.07944054109,931.845978036231,1707.44282992169,0.0247112762143695
"Afr_penguin","s1","Dyer.Island",2013,1250,0.110137347445846,1242.529155303,1014.56970874895,1513.03261583923,916.568868305621,1671.42057873968,0.00599460756826353
"Afr_penguin","s1","Dyer.Island",2014,1148,0.110137347445846,1158.78908702182,947.974386572512,1422.6577107404,857.862316241214,1581.74596001948,-0.00935427148930934
"Afr_penguin","s1","Dyer.Island",2015,1159,0.110137347445846,1172.80732409838,960.058710638266,1436.22462465371,869.86984153808,1595.67674860412,-0.0118427327410577
"Afr_penguin","s1","Dyer.Island",2016,1376,0.110137347445846,1310.50261175512,1062.61272851866,1606.01312827801,968.154939894772,1771.58543687219,0.0487700027862781
"Afr_penguin","s1","Dyer.Island",2017,951,0.110137347445846,975.88865348115,790.806368117009,1208.82313133574,718.571067509464,1325.96055398207,-0.0258344328115632
"Afr_penguin","s1","St.Croix.Island",1979,13821,0.110137347445846,13964.3125886375,11329.1274026208,17262.6290245486,10292.8758847166,19027.0852249637,-0.0103157996924281
"Afr_penguin","s1","St.Croix.Island",1980,14850,0.110137347445846,14834.8658424214,12004.4651160846,18349.7220296687,10936.0683357662,20101.5880084471,0.00101965486185129
"Afr_penguin","s1","St.Croix.Island",1985,19448,0.110137347445846,19378.3558893028,15580.9234870787,24100.7609785008,14068.3862283102,26561.5766525912,0.00358746958322165
"Afr_penguin","s1","St.Croix.Island",1993,19478,0.110137347445846,19343.9194282551,15592.0757321792,24096.5942847695,14167.2800880943,26385.2358551725,0.00690749488124887
"Afr_penguin","s1","St.Croix.Island",1999,14005,0.110137347445846,14193.9461881391,11510.2981722797,17539.4314861966,10457.4936692257,19271.1210168913,-0.0134011402139578
"Afr_penguin","s1","St.Croix.Island",2000,15211,0.110137347445846,15221.6457001717,12426.3377494589,18557.2614263149,11255.7452266227,20480.6097322213,-0.000699623733725119
"Afr_penguin","s1","St.Croix.Island",2001,16950,0.110137347445846,16288.4529732548,13197.518822425,19857.7894406585,12030.7469799918,22066.8606301902,0.0398113836010108
"Afr_penguin","s1","St.Croix.Island",2003,9116,0.110137347445846,9390.47411289756,7649.62876185393,11555.3103281923,6892.01939746093,12780.2133401763,-0.0296646718184892
"Afr_penguin","s1","St.Croix.Island",2004,10088,0.110137347445846,9334.81667465976,7570.45793780636,11429.4372606305,6883.53594818478,12450.245735536,0.0775954603556368
"Afr_penguin","s1","St.Croix.Island",2005,4153,0.110137347445846,4736.39719598331,3872.65551244771,5852.36612542085,3514.34024203858,6458.43269524906,-0.131445796811539
"Afr_penguin","s1","St.Croix.Island",2006,8077,0.110137347445846,7312.78639740662,5924.90102159414,8933.19625668064,5356.39856515631,9804.47660496479,0.0993961392118159
"Afr_penguin","s1","St.Croix.Island",2007,4363,0.110137347445846,4812.97075366233,3955.57748621457,5961.19828868183,3593.60659167474,6550.87748090101,-0.0981546196312912
"Afr_penguin","s1","St.Croix.Island",2008,7739,0.110137347445846,7313.14696654696,5968.17986250378,8967.50703557735,5466.39852350664,9825.34407855377,0.0565987975862434
"Afr_penguin","s1","St.Croix.Island",2009,6824,0.110137347445846,6944.72347953818,5646.53236795034,8554.28028137697,5103.73006339923,9382.45229089666,-0.0175363494630201
"Afr_penguin","s1","St.Croix.Island",2011,8500,0.110137347445846,8246.37430571095,6695.52267305954,10079.7284043923,6044.04720742,11150.1526068209,0.0302925378441259
"Afr_penguin","s1","St.Croix.Island",2012,6625,0.110137347445846,6860.0503360912,5589.00350462798,8407.48422124052,5077.42438408852,9292.71236317045,-0.0348644074612103
"Afr_penguin","s1","St.Croix.Island",2013,7657,0.110137347445846,7645.10449880259,6256.81091654924,9351.69062352524,5653.59930810846,10357.1073550347,0.00155475393525784
"Afr_penguin","s1","St.Croix.Island",2014,8685,0.110137347445846,8450.49474538676,6902.9689182117,10340.0790215412,6240.18102276428,11486.5084374863,0.0273724102880433
"Afr_penguin","s1","St.Croix.Island",2015,7616,0.110137347445846,7556.28075355857,6145.063490124,9219.2374498839,5572.95816154425,10079.9039871949,0.00787219216652879
"Afr_penguin","s1","St.Croix.Island",2016,6107,0.110137347445846,6237.56910763172,5097.45305982186,7659.26058692178,4623.89646734345,8451.95347894566,-0.0211548861550988
"Afr_penguin","s1","St.Croix.Island",2017,6145,0.110137347445846,6145.63579382596,4951.67911627945,7608.46493140967,4484.93121882811,8390.3298948568,-0.000103459875825607
"Afr_penguin","s1","Bird.Island",1981,572,0.110137347445846,583.290381649003,470.34663618582,726.795689963321,428.002471502671,796.068014883836,-0.0195461526998724
"Afr_penguin","s1","Bird.Island",1990,3703,0.110137347445846,3582.73241416498,2896.14721118663,4403.85071825639,2617.82468309958,4830.11365986972,0.0330175484614212
"Afr_penguin","s1","Bird.Island",1991,3194,0.110137347445846,3268.3386128993,2672.32211683823,3993.86490499345,2404.92409696838,4428.17081959275,-0.0230077365555701
"Afr_penguin","s1","Bird.Island",1992,3784,0.110137347445846,3582.7084612265,2913.1168868147,4359.40765407209,2656.33186178301,4794.66347451257,0.0546625834040739
"Afr_penguin","s1","Bird.Island",1993,2293,0.110137347445846,2454.4590270394,1998.32132490531,3020.5603304204,1816.95322711119,3322.37094741501,-0.0680453775040908
"Afr_penguin","s1","Bird.Island",1995,3651,0.110137347445846,3442.24934763177,2765.21963326185,4250.80640991085,2515.02451957406,4669.03999826126,0.058875964849145
"Afr_penguin","s1","Bird.Island",1997,1621,0.110137347445846,1768.34029577803,1430.27244901309,2203.42587714094,1303.01238898386,2424.79039296901,-0.086998177928554
"Afr_penguin","s1","Bird.Island",1999,3883,0.110137347445846,3758.54871833322,3063.218788734,4614.72902362819,2773.52220453074,5090.89657255942,0.0325751470235538
"Afr_penguin","s1","Bird.Island",2000,4093,0.110137347445846,4117.50617725534,3353.11168978591,5058.07834072444,3041.75804584456,5584.17926014361,-0.00596948580242973
"Afr_penguin","s1","Bird.Island",2001,5376,0.110137347445846,4841.30666396233,3902.72074365132,5937.62395567062,3516.92636460274,6495.71018136329,0.104759947035118
"Afr_penguin","s1","Bird.Island",2003,936,0.110137347445846,1130.4581833165,914.064016702653,1427.82144162138,832.562682754853,1570.9489012694,-0.18876282500876
"Afr_penguin","s1","Bird.Island",2004,2951,0.110137347445846,2707.23589058231,2202.24183519692,3315.83661558282,1986.90693274178,3660.85256746145,0.086215948163864
"Afr_penguin","s1","Bird.Island",2005,3203,0.110137347445846,3102.54355261139,2517.55541592428,3812.48496128723,2290.72468658274,4184.53979186085,0.0318655947203386
"Afr_penguin","s1","Bird.Island",2006,2822,0.110137347445846,2703.08098589678,2208.65785158739,3287.75769755291,1996.37577917885,3655.53454956934,0.0430536250991027
"Afr_penguin","s1","Bird.Island",2007,1403,0.110137347445846,1588.47402771934,1294.70569003702,1954.57145135957,1166.05238898286,2178.04560861904,-0.124161023281024
"Afr_penguin","s1","Bird.Island",2008,2765,0.110137347445846,2609.7583386339,2127.30793262095,3201.46205319999,1931.63371278227,3509.71124679543,0.0577830084881912
"Afr_penguin","s1","Bird.Island",2009,2624,0.110137347445846,2627.88753741857,2127.124823526,3225.18741301375,1926.69189650224,3540.65263548572,-0.0014804346440771
"Afr_penguin","s1","Bird.Island",2011,2600,0.110137347445846,2617.20202696227,2128.00276825312,3220.33027170867,1938.24483579575,3546.21202003931,-0.00659437346311886
"Afr_penguin","s1","Bird.Island",2012,3031,0.110137347445846,2723.72097436981,2200.64497932681,3343.87964246836,1988.78292772195,3691.63446137436,0.106893647351463
"Afr_penguin","s1","Bird.Island",2013,936,0.110137347445846,1140.13913006732,929.289680413779,1425.75954919388,844.058131568574,1554.54862466229,-0.197290101382897
"Afr_penguin","s1","Bird.Island",2014,2837,0.110137347445846,2602.99554795915,2120.7483862545,3186.42771387275,1914.00480885976,3516.79840851199,0.0860842401656727
"Afr_penguin","s1","Bird.Island",2015,2843,0.110137347445846,2794.25216273428,2280.77341226617,3429.89953831048,2068.63076876721,3764.58395802333,0.0172953243910259
"Afr_penguin","s1","Bird.Island",2016,2635,0.110137347445846,2611.16211555185,2130.93332674404,3186.42448639006,1926.71622781288,3521.04312770186,0.00908780475461057
"Afr_penguin","s1","Bird.Island",2017,2229,0.110137347445846,2274.58471345878,1843.9045907124,2821.9239370252,1667.01928359812,3127.2040673539,-0.0202444378014794
"Afr_penguin","s1","Mercury",1986,1126,0.110137347445846,1202.20070012216,974.579175786398,1492.94414655074,892.144579760322,1633.51804163682,-0.0654822642727186
"Afr_penguin","s1","Mercury",1987,2181,0.110137347445846,2098.33643345328,1696.66214214403,2576.23256406489,1546.67301633409,2827.12452376688,0.0386386309722333
"Afr_penguin","s1","Mercury",1989,3394,0.110137347445846,3326.59054955456,2691.5245190481,4062.65103553815,2446.34310582481,4504.24039690824,0.0200612463139649
"Afr_penguin","s1","Mercury",1990,3552,0.110137347445846,3528.44229504773,2870.63206254637,4333.409477078,2602.65888546605,4817.91110856418,0.00665432776615127
"Afr_penguin","s1","Mercury",1992,3576,0.110137347445846,3567.54644932002,2882.16478418171,4367.35764954618,2606.6296305323,4794.35406486172,0.0023667668954257
"Afr_penguin","s1","Mercury",1993,3666,0.110137347445846,3490.73873245254,2846.02320550477,4250.18836420047,2566.53043495127,4710.82102799927,0.0489877644125229
"Afr_penguin","s1","Mercury",1994,2122,0.110137347445846,2239.11462803827,1826.49221687304,2740.62751889296,1651.18999712998,3031.73704800991,-0.0537214922011167
"Afr_penguin","s1","Mercury",1995,2261,0.110137347445846,2271.43598674138,1856.45149090785,2803.24277756585,1681.61700424443,3075.37455524531,-0.00460503147283386
"Afr_penguin","s1","Mercury",1996,2387,0.110137347445846,2401.97859432878,1963.58667563231,2936.20327551127,1777.95572368671,3249.65319821412,-0.00625546465805016
"Afr_penguin","s1","Mercury",1997,2662,0.110137347445846,2651.75395318909,2167.84538130456,3259.42914936192,1958.65904224272,3577.91234923035,0.00385642978560252
"Afr_penguin","s1","Mercury",1998,2884,0.110137347445846,2873.23103790025,2343.11765896452,3523.77750675988,2127.09932153143,3917.18258450848,0.00374102570780899
"Afr_penguin","s1","Mercury",1999,3041,0.110137347445846,3001.849363821,2450.63461774572,3674.82876846381,2221.45890392226,4072.52269222436,0.0129578553502103
"Afr_penguin","s1","Mercury",2000,2822,0.110137347445846,2826.00197553523,2315.80452030917,3478.55465074821,2102.65807232504,3818.54451139732,-0.00141712988852039
"Afr_penguin","s1","Mercury",2001,2615,0.110137347445846,2695.04597614295,2200.02926630602,3296.55741715585,1990.75888803226,3648.14676372877,-0.0301511664918594
"Afr_penguin","s1","Mercury",2002,3462,0.110137347445846,3303.45099181932,2705.95162247443,4047.47194013551,2441.56116588973,4433.39206787458,0.0468787796057644
"Afr_penguin","s1","Mercury",2003,2783,0.110137347445846,2754.20319700893,2242.95200595307,3382.89083387672,2044.2394955229,3708.50668104395,0.0104013024576579
"Afr_penguin","s1","Mercury",2004,2037,0.110137347445846,2131.09411325845,1739.99496886175,2602.36396934135,1586.45163967363,2877.70011788453,-0.0451573787907735
"Afr_penguin","s1","Mercury",2005,2455,0.110137347445846,2362.62560783939,1922.71634202536,2875.57809139054,1740.27887331252,3191.14243174334,0.0383532149346317
"Afr_penguin","s1","Mercury",2006,1813,0.110137347445846,1886.10681955272,1539.12518044482,2318.69443163185,1390.7031096301,2565.36888623512,-0.0395318889856355
"Afr_penguin","s1","Mercury",2007,2026,0.110137347445846,2087.5706343926,1707.28754647419,2568.34670509534,1537.26857714604,2826.36827274663,-0.0299376081787059
"Afr_penguin","s1","Mercury",2008,3188,0.110137347445846,3009.02845919867,2438.97141158614,3681.31925589915,2205.13845193908,4056.54712234398,0.0577765052993051
"Afr_penguin","s1","Mercury",2009,2565,0.110137347445846,2647.38237764833,2167.1707445266,3258.97318127387,1977.99699379843,3577.20130415753,-0.0316128911777378
"Afr_penguin","s1","Mercury",2010,3171,0.110137347445846,3113.32052199584,2543.49124100309,3804.69753393724,2302.24404843257,4180.84907390933,0.0183571469826642
"Afr_penguin","s1","Mercury",2011,3101,0.110137347445846,3117.41085962917,2541.97493520717,3800.68764491023,2307.50043072165,4201.71238007845,-0.00527816450177099
"Afr_penguin","s1","Mercury",2012,3319,0.110137347445846,3270.01185233004,2670.75808241289,3979.04848715394,2411.85647555132,4424.46938286281,0.0148699232694813
"Afr_penguin","s1","Mercury",2013,3056,0.110137347445846,3016.93739790117,2466.98912201213,3697.38699888434,2229.3599340164,4074.35507421285,0.0128646611267982
"Afr_penguin","s1","Mercury",2014,2448,0.110137347445846,2514.500917957,2055.36922566907,3069.90023779092,1866.79069342801,3428.72029383619,-0.0268029770451568
"Afr_penguin","s1","Mercury",2015,2646,0.110137347445846,2642.69846657101,2141.3882729881,3264.03043536069,1944.59777463222,3587.91694535843,0.00124852414208476
"Afr_penguin","s1","Ichaboe",1986,739,0.110137347445846,786.345662115279,641.081281162847,971.960581303291,580.752153286964,1088.67550795749,-0.062098548492461
"Afr_penguin","s1","Ichaboe",1987,1372,0.110137347445846,1332.35411936051,1089.83026009519,1637.01774768574,982.218043441309,1800.05785151215,0.0293221371430183
"Afr_penguin","s1","Ichaboe",1989,2427,0.110137347445846,2306.88575255305,1869.500577918,2835.48638529248,1689.05633559511,3124.85480842707,0.0507574708627434
"Afr_penguin","s1","Ichaboe",1990,1937,0.110137347445846,1996.92014110023,1619.76863349163,2440.40380358239,1473.75399926011,2722.82650764941,-0.0304656797751868
"Afr_penguin","s1","Ichaboe",1992,2418,0.110137347445846,2419.76350097191,1966.57606086593,2970.16613949657,1790.60318455307,3274.69284784639,-0.000729056329299205
"Afr_penguin","s1","Ichaboe",1993,2655,0.110137347445846,2643.22289093939,2162.78665978784,3228.04369917013,1950.96167680878,3570.96336035499,0.00444569007385276
"Afr_penguin","s1","Ichaboe",1994,2736,0.110137347445846,2773.64727786431,2267.71149561083,3388.19555296253,2042.13981760841,3746.70411550004,-0.0136661611509323
"Afr_penguin","s1","Ichaboe",1995,3343,0.110137347445846,3202.63952714457,2616.76903470561,3923.04622014548,2348.26175214074,4346.65341285068,0.0428932854032489
"Afr_penguin","s1","Ichaboe",1996,2640,0.110137347445846,2607.35059639096,2128.9038375158,3182.41682900106,1920.39542114063,3512.70072447928,0.0124443085518937
"Afr_penguin","s1","Ichaboe",1997,1903,0.110137347445846,1929.00162580131,1570.48456412379,2357.63562397577,1429.59823163829,2615.22829991107,-0.0135709884300192
"Afr_penguin","s1","Ichaboe",1998,1562,0.110137347445846,1603.93505244774,1309.86313831062,1964.5482444207,1182.94815175904,2177.27876925328,-0.0264929662143629
"Afr_penguin","s1","Ichaboe",1999,1731,0.110137347445846,1687.11229420801,1378.72097911425,2067.8645379757,1252.09170749872,2287.83755692439,0.0256809104069031
"Afr_penguin","s1","Ichaboe",2000,1345,0.110137347445846,1441.48661859919,1174.0711863552,1774.71374763299,1065.10263928827,1950.20783071401,-0.0692809420297396
"Afr_penguin","s1","Ichaboe",2001,2260,0.110137347445846,2152.35017627625,1757.31418520179,2619.30710056273,1591.03661837668,2889.25911819207,0.048804462904374
"Afr_penguin","s1","Ichaboe",2002,2182,0.110137347445846,2165.16365926219,1762.41233214868,2637.56699765546,1589.55894957829,2936.11237150118,0.00774593562074966
"Afr_penguin","s1","Ichaboe",2003,2158,0.110137347445846,1996.23630332978,1627.96312300899,2444.91029788698,1466.50387609967,2698.92714232265,0.0779183075122578
"Afr_penguin","s1","Ichaboe",2004,864,0.110137347445846,950.720815300322,779.440045088707,1171.10998407967,711.252971141496,1284.77121815687,-0.0956476810307443
"Afr_penguin","s1","Ichaboe",2005,1077,0.110137347445846,1022.48044698323,836.326223569791,1250.05091906396,755.698365627929,1376.95094058605,0.0519479121770576
"Afr_penguin","s1","Ichaboe",2006,715,0.110137347445846,707.353593395978,580.252274781471,863.219552086521,523.562546456679,955.21429637446,0.0107518697200035
"Afr_penguin","s1","Ichaboe",2007,418,0.110137347445846,453.864504232809,372.198909444755,560.2243466351,338.919250213042,615.850634583243,-0.0823172721454659
"Afr_penguin","s1","Ichaboe",2008,604,0.110137347445846,588.565614948082,482.281530531591,718.505913128848,436.228548365497,797.615042562141,0.0258857822107332
"Afr_penguin","s1","Ichaboe",2009,615,0.110137347445846,615.425902784667,503.183359311848,749.338757801225,456.208294114455,826.754534697959,-0.000692285168432782
"Afr_penguin","s1","Ichaboe",2010,661,0.110137347445846,649.428284410707,531.473342326738,791.94378784474,480.485094390055,874.99327742909,0.0176614264490844
"Afr_penguin","s1","Ichaboe",2011,576,0.110137347445846,580.744455150474,475.00675507533,710.923528243789,430.990573596665,788.522920586799,-0.00820316316987224
"Afr_penguin","s1","Ichaboe",2012,551,0.110137347445846,558.33100466587,458.020725232746,681.488091883656,414.778007844363,755.752054209729,-0.0132171756817492
"Afr_penguin","s1","Ichaboe",2013,605,0.110137347445846,604.814550658519,493.892575108636,741.221578644005,450.510108084485,817.556177841298,0.000306574826418604
"Afr_penguin","s1","Ichaboe",2014,676,0.110137347445846,650.665809934866,529.077789350689,792.834553112528,480.915480159794,882.047719430295,0.0381969144373677
"Afr_penguin","s1","Ichaboe",2015,488,0.110137347445846,502.303442481225,407.695025480555,623.141246149332,366.37130308093,682.690588975636,-0.0288889983160088
"Afr_penguin","s1","Halifax",1986,389,0.110137347445846,410.320348132033,334.11042327212,507.238266501048,301.156727764794,557.707377037178,-0.0533588479025289
"Afr_penguin","s1","Halifax",1987,678,0.110137347445846,654.323830175377,528.028830439272,806.842713714661,483.131901006095,885.075030256125,0.0355449058577184
"Afr_penguin","s1","Halifax",1990,1050,0.110137347445846,1009.07412829397,815.479643363507,1253.85056162586,737.825691657938,1380.48141044252,0.0397569584063744
"Afr_penguin","s1","Halifax",1992,690,0.110137347445846,705.950410462693,572.813066172145,867.249621308708,521.350757590309,954.036401122762,-0.0228533972971556
"Afr_penguin","s1","Halifax",1993,709,0.110137347445846,702.990631027388,572.025409854166,861.698381777881,518.182351822315,947.882408056152,0.00851196194058623
"Afr_penguin","s1","Halifax",1994,681,0.110137347445846,660.136327861652,538.436610899807,809.418692505065,487.937572003213,887.622632838301,0.0311159350929362
"Afr_penguin","s1","Halifax",1995,473,0.110137347445846,481.125659340979,392.421967056289,590.195971191016,354.505581634765,649.959242408462,-0.0170330935261687
"Afr_penguin","s1","Halifax",1996,384,0.110137347445846,397.135942033359,324.627431747595,484.258015866932,292.71584343278,534.358912256265,-0.0336360927438299
"Afr_penguin","s1","Halifax",1997,431,0.110137347445846,429.173761459708,349.885016733091,525.784747676394,319.53254349406,581.939893871512,0.00424621481401033
"Afr_penguin","s1","Halifax",1998,444,0.110137347445846,445.705112149377,366.670715760295,546.578140823571,331.069959168898,601.932028740055,-0.00383298738804161
"Afr_penguin","s1","Halifax",1999,497,0.110137347445846,480.933657029515,392.700849870555,587.284877046736,358.635773654131,648.39913776461,0.0328606926772617
"Afr_penguin","s1","Halifax",2000,370,0.110137347445846,391.067046964943,319.510808944751,479.484477038283,291.474401106963,530.278424982018,-0.0553760152604985
"Afr_penguin","s1","Halifax",2001,520,0.110137347445846,504.588365974623,412.233612710031,617.030559988413,376.325367080143,682.827121053302,0.0300858315704486
"Afr_penguin","s1","Halifax",2002,508,0.110137347445846,511.784877280134,414.989845616712,625.839535069309,375.578581490695,694.836747035016,-0.00742292760618657
"Afr_penguin","s1","Halifax",2003,534,0.110137347445846,541.804757223081,444.60820371865,665.111408902784,401.097086466244,733.570139918611,-0.0145098710566094
"Afr_penguin","s1","Halifax",2004,669,0.110137347445846,649.427541754602,530.198889147406,794.467435098692,478.829208648852,882.347207677805,0.0296927902799631
"Afr_penguin","s1","Halifax",2005,612,0.110137347445846,614.469529284129,496.320361531028,758.142626029973,454.403443063042,837.765134403091,-0.00402705907088485
"Afr_penguin","s1","Halifax",2007,567,0.110137347445846,576.614817160964,469.237294772937,709.248921170988,427.7304743004,783.261926842649,-0.0168151786159623
"Afr_penguin","s1","Halifax",2008,635,0.110137347445846,643.867794373217,524.456773493762,796.308700630151,475.056600305977,880.655527230198,-0.0138684178968003
"Afr_penguin","s1","Halifax",2009,843,0.110137347445846,821.921013520326,670.913012898738,1006.32610742912,607.843988815268,1109.61206784826,0.0253226581705501
"Afr_penguin","s1","Halifax",2010,852,0.110137347445846,840.699081055964,687.77196430045,1027.6447172963,621.017392956413,1139.32498833123,0.0133527417587649
"Afr_penguin","s1","Halifax",2011,771,0.110137347445846,776.779408851684,630.973710765962,946.372106447548,570.72850719467,1050.86122007117,-0.0074680354049903
"Afr_penguin","s1","Halifax",2012,747,0.110137347445846,757.773359205733,619.13454315692,926.360848189722,560.480083197441,1023.77450181276,-0.0143191573912942
"Afr_penguin","s1","Halifax",2013,849,0.110137347445846,843.867545466934,691.764264632159,1034.14724601799,626.236124479926,1138.38371305144,0.00606364068178689
"Afr_penguin","s1","Halifax",2014,883,0.110137347445846,895.439807882915,730.557982681612,1096.4548652679,659.447251714719,1208.98438176552,-0.0139898024265452
"Afr_penguin","s1","Halifax",2015,1092,0.110137347445846,1072.40026231005,863.71663156929,1329.48082666005,789.745064937697,1461.69996239478,0.018111505342139
"Afr_penguin","s1","Possession",1986,327,0.110137347445846,339.48867464445,274.3621251643,420.408490861197,250.111588632222,462.28379211798,-0.0374804166185658
"Afr_penguin","s1","Possession",1987,454,0.110137347445846,470.363889997482,384.36946683764,575.407254993657,349.554471921114,635.795708533062,-0.0354094311353927
"Afr_penguin","s1","Possession",1988,946,0.110137347445846,869.241468343794,703.562008859582,1062.54503944588,637.696940788725,1170.34765085673,0.0846216131746349
"Afr_penguin","s1","Possession",1990,702,0.110137347445846,707.627235812105,573.745263734664,876.987434232617,521.17327134265,963.228045202341,-0.00798404792624119
"Afr_penguin","s1","Possession",1992,669,0.110137347445846,675.294642110523,549.557940152915,834.627116610042,501.311336804184,911.522006069849,-0.00936504233331448
"Afr_penguin","s1","Possession",1993,751,0.110137347445846,719.726541898259,585.833999111129,881.242955630972,534.916013902712,970.678423208542,0.042534314816514
"Afr_penguin","s1","Possession",1994,506,0.110137347445846,531.201630535089,434.101416636443,651.617583604049,392.249520680821,722.4430091463,-0.0486049984014647
"Afr_penguin","s1","Possession",1995,608,0.110137347445846,587.273287953138,479.108882528957,719.760191286432,433.132833177158,798.247413506385,0.0346846032693806
"Afr_penguin","s1","Possession",1996,498,0.110137347445846,507.078920099181,414.437435466756,620.356686722957,376.279873784828,685.473993165087,-0.0180665753977527
"Afr_penguin","s1","Possession",1997,512,0.110137347445846,507.140984701717,413.65921089006,618.996837821327,374.24896379592,682.031016242452,0.00953558376963493
"Afr_penguin","s1","Possession",1998,465,0.110137347445846,468.982882082978,383.335480259239,573.888483159487,348.598279825104,630.866758438675,-0.00852886343585002
"Afr_penguin","s1","Possession",1999,477,0.110137347445846,464.326122527006,377.840109351714,567.348538603814,342.422051313004,626.555671993305,0.0269293352719453
"Afr_penguin","s1","Possession",2000,359,0.110137347445846,368.31085947988,302.168530469326,451.966405740959,274.804239777703,498.291647568999,-0.0256049199472246
"Afr_penguin","s1","Possession",2001,362,0.110137347445846,366.103981003299,299.333226971521,449.559778805605,272.755078262985,494.693253621323,-0.0112731823284298
"Afr_penguin","s1","Possession",2002,406,0.110137347445846,400.047127639073,326.007402471997,490.264809996472,294.371723692205,540.594178620958,0.0147708003361924
"Afr_penguin","s1","Possession",2003,372,0.110137347445846,379.869702474818,311.204851801781,463.726680238165,280.312768152431,513.331254299486,-0.0209344514235124
"Afr_penguin","s1","Possession",2004,445,0.110137347445846,438.649230259188,360.181813365271,536.123183437929,325.566380830291,590.871563582455,0.0143742083883529
"Afr_penguin","s1","Possession",2005,470,0.110137347445846,455.55877677461,371.972144385892,556.897283194363,335.263682699944,613.311819060306,0.0312079484042673
"Afr_penguin","s1","Possession",2006,356,0.110137347445846,372.57975223747,305.944774262123,456.148125869674,277.953243778939,502.972190028235,-0.04552038401782
"Afr_penguin","s1","Possession",2007,459,0.110137347445846,452.722686669874,368.766061893591,553.602410637119,333.567838989766,608.262665072637,0.0137704427371848
"Afr_penguin","s1","Possession",2008,474,0.110137347445846,483.402793541178,392.901386811232,593.886991469155,354.918970220577,653.369292789936,-0.0196429255008796
"Afr_penguin","s1","Possession",2009,616,0.110137347445846,600.407343175152,489.616048539479,735.043447735972,446.139124094696,818.981702250791,0.0256386333773984
"Afr_penguin","s1","Possession",2010,594,0.110137347445846,597.418722576393,488.090195170257,730.412068564322,445.687937302392,812.532222835763,-0.0057389260293661
"Afr_penguin","s1","Possession",2011,623,0.110137347445846,619.959177349599,507.014715846948,762.330638104106,458.092056223922,843.496453405335,0.00489288590057768
"Afr_penguin","s1","Possession",2012,618,0.110137347445846,627.055634743169,514.867205645484,768.461346730752,463.879122437268,850.687764094666,-0.0145468108866078
"Afr_penguin","s1","Possession",2013,726,0.110137347445846,729.049605592847,594.292683596666,886.643760291832,538.985939311088,986.772055489571,-0.00419176094955542
"Afr_penguin","s1","Possession",2014,858,0.110137347445846,869.323233833638,708.977005790043,1067.85091185422,643.235224506757,1178.6115114962,-0.0131109173003319
"Afr_penguin","s1","Possession",2015,1205,0.110137347445846,1167.37737414174,945.784125462232,1436.43087066235,860.647966817878,1586.82732833562,0.0317198947530786
