"assessment","scenario","name","yr","Type","estimation","mu","lci","uci","lpp","upp"
"Afr_penguin","s1","global",1979,"census","fit",52361.7474022187,46170.1120187972,59146.2903599133,NA,NA
"Afr_penguin","s1","global",1980,"census","fit",51053.9120894983,37753.8018545387,70463.2188520993,NA,NA
"Afr_penguin","s1","global",1981,"census","fit",49760.8528915194,32423.9749851515,75034.0076852767,NA,NA
"Afr_penguin","s1","global",1982,"census","fit",49055.4161575731,30255.7492235575,77471.0104504117,NA,NA
"Afr_penguin","s1","global",1983,"census","fit",48518.9834645764,30026.6338349132,77002.6160022063,NA,NA
"Afr_penguin","s1","global",1984,"census","fit",48114.1060406542,31182.3138813615,72976.9259052611,NA,NA
"Afr_penguin","s1","global",1985,"census","fit",48143.3881863326,36617.6091058122,64014.0037423408,NA,NA
"Afr_penguin","s1","global",1986,"census","fit",47556.8447326871,36120.7641279119,64059.6310237292,NA,NA
"Afr_penguin","s1","global",1987,"census","fit",46133.7433742366,31382.0510779332,69071.5605346289,NA,NA
"Afr_penguin","s1","global",1988,"census","fit",47220.4706909929,31586.3802025611,72596.3994391941,NA,NA
"Afr_penguin","s1","global",1989,"census","fit",48945.2804629846,34370.8295068506,75383.2033142066,NA,NA
"Afr_penguin","s1","global",1990,"census","fit",48405.8571352165,35184.8715628247,72551.0966436832,NA,NA
"Afr_penguin","s1","global",1991,"census","fit",47141.4349886072,35050.0949408547,67933.2642599646,NA,NA
"Afr_penguin","s1","global",1992,"census","fit",46895.196837276,36897.4159239799,62158.2367077725,NA,NA
"Afr_penguin","s1","global",1993,"census","fit",42062.1220872037,37753.8330142463,47000.7923029307,NA,NA
"Afr_penguin","s1","global",1994,"census","fit",44128.4250699571,34664.289523589,58100.5146904182,NA,NA
"Afr_penguin","s1","global",1995,"census","fit",44098.9954637633,33959.3096225091,61737.8442161798,NA,NA
"Afr_penguin","s1","global",1996,"census","fit",41169.6948468806,30954.2484468106,58888.5764039726,NA,NA
"Afr_penguin","s1","global",1997,"census","fit",38580.934400615,29368.4004650971,53816.4352287456,NA,NA
"Afr_penguin","s1","global",1998,"census","fit",40133.3899251368,32344.170522523,51794.5318952994,NA,NA
"Afr_penguin","s1","global",1999,"census","fit",46125.2992575542,41844.6189996902,51088.0263493437,NA,NA
"Afr_penguin","s1","global",2000,"census","fit",50155.6280160792,45564.4687171721,55271.7406181904,NA,NA
"Afr_penguin","s1","global",2001,"census","fit",57478.3825755561,51914.0112132749,63470.4569857467,NA,NA
"Afr_penguin","s1","global",2002,"census","fit",53669.2390545988,46680.8002079949,62298.2993293318,NA,NA
"Afr_penguin","s1","global",2003,"census","fit",46285.829701705,41691.721724534,51533.2880014404,NA,NA
"Afr_penguin","s1","global",2004,"census","fit",51350.6593811821,46123.601478631,57211.870606745,NA,NA
"Afr_penguin","s1","global",2005,"census","fit",44552.0522679774,40062.8408490573,49548.125791919,NA,NA
"Afr_penguin","s1","global",2006,"census","fit",36542.4644709734,33190.7793189287,40135.5381099626,NA,NA
"Afr_penguin","s1","global",2007,"census","fit",29601.0567113144,26872.1053988246,32540.7866291239,NA,NA
"Afr_penguin","s1","global",2008,"census","fit",27598.8126525307,25419.5119924296,29941.7918114897,NA,NA
"Afr_penguin","s1","global",2009,"census","fit",24519.1492892212,22572.4213211644,26635.4539907804,NA,NA
"Afr_penguin","s1","global",2010,"census","fit",25540.370376115,21966.8530404435,30167.5794027397,NA,NA
"Afr_penguin","s1","global",2011,"census","fit",24482.3959673526,22459.3494425355,26619.2328867244,NA,NA
"Afr_penguin","s1","global",2012,"census","fit",23033.3639193924,21267.5775504693,24927.0307287838,NA,NA
"Afr_penguin","s1","global",2013,"census","fit",21783.6033397319,19995.9441602092,23785.0817049479,NA,NA
"Afr_penguin","s1","global",2014,"census","fit",23286.5505935473,21391.0490537862,25424.2526772273,NA,NA
"Afr_penguin","s1","global",2015,"census","fit",23646.4350434422,21807.7408855687,25644.8774013422,NA,NA
"Afr_penguin","s1","global",2016,"census","fit",22123.332037974,19648.0580659949,25181.3484098898,NA,NA
"Afr_penguin","s1","global",2017,"census","fit",21153.2430245554,18126.7729808756,25546.0804042498,NA,NA
"Afr_penguin","s1","global",2018,"census","prj",21880.3832113599,18706.5684165599,26555.7751773961,NA,NA
"Afr_penguin","s1","Dassen.Island",1979,"census","fit",12554.0714975766,10053.9596357265,15550.4658293207,9191.71095374393,17117.5005175072
"Afr_penguin","s1","Dassen.Island",1980,"census","fit",11164.3598054959,5964.08265325111,21106.8741292485,5779.66937339945,22042.7761054335
"Afr_penguin","s1","Dassen.Island",1981,"census","fit",9943.13525493697,4434.62139353127,21777.136780789,4317.13821823352,22577.8355931343
"Afr_penguin","s1","Dassen.Island",1982,"census","fit",8828.0341949111,3639.36824910249,21212.0001978696,3525.17219422062,21728.1483236619
"Afr_penguin","s1","Dassen.Island",1983,"census","fit",7757.54012326874,3095.11815266708,19508.2697248092,2991.28995826779,19759.8680645928
"Afr_penguin","s1","Dassen.Island",1984,"census","fit",6845.11426195255,2843.56201771944,16815.3323673696,2796.86551183131,17164.8555341558
"Afr_penguin","s1","Dassen.Island",1985,"census","fit",6063.38154585151,2687.98648392006,13835.6603484279,2612.42834932991,14263.0865225675
"Afr_penguin","s1","Dassen.Island",1986,"census","fit",5413.97533195533,2880.70095436483,10219.4991364976,2791.92745968933,10689.2666679485
"Afr_penguin","s1","Dassen.Island",1987,"census","fit",4807.62369785143,3888.40492281639,5968.29420139845,3539.61700824049,6583.78193619203
"Afr_penguin","s1","Dassen.Island",1988,"census","fit",6277.33186604468,3883.13222602301,10215.1427759806,3669.51967329867,10683.0051921954
"Afr_penguin","s1","Dassen.Island",1989,"census","fit",8216.3888599175,6657.63025369976,10172.4308239063,6024.76292889256,11109.6104635384
"Afr_penguin","s1","Dassen.Island",1990,"census","fit",8504.28855407256,5279.30836760605,13674.2508047246,5051.65537118823,14369.6067776187
"Afr_penguin","s1","Dassen.Island",1991,"census","fit",8812.51563377016,7202.57802871949,10806.8865074641,6528.60865249137,11888.8615893523
"Afr_penguin","s1","Dassen.Island",1992,"census","fit",7646.43586001461,6257.8145473038,9361.44745251498,5684.4360467405,10327.9480222667
"Afr_penguin","s1","Dassen.Island",1993,"census","fit",7413.35942700961,6069.22659867643,9089.23802368865,5494.75695371372,10114.8618555363
"Afr_penguin","s1","Dassen.Island",1994,"census","fit",9203.47640260207,7528.91206145516,11224.883897485,6819.87424590822,12402.6671023926
"Afr_penguin","s1","Dassen.Island",1995,"census","fit",9712.53018037248,7898.61467230915,11902.8657564257,7184.14751682156,13102.1414917372
"Afr_penguin","s1","Dassen.Island",1996,"census","fit",9473.64389322566,7712.26515910143,11577.3630510297,6966.34834078004,12840.6710128704
"Afr_penguin","s1","Dassen.Island",1997,"census","fit",8926.94473124402,7318.3217849264,10941.7823571558,6640.43982750257,12087.9083922941
"Afr_penguin","s1","Dassen.Island",1998,"census","fit",11024.1288555098,9000.9427753958,13555.9269830338,8144.38635379701,14882.1738677153
"Afr_penguin","s1","Dassen.Island",1999,"census","fit",14860.0954268245,12133.1510256235,18216.9914384004,10988.4917324203,20255.968421961
"Afr_penguin","s1","Dassen.Island",2000,"census","fit",17169.5424708809,14014.5372831417,20933.4346622201,12670.9321738262,23027.1895379412
"Afr_penguin","s1","Dassen.Island",2001,"census","fit",21035.7844125137,17210.5216413001,25736.0446628606,15582.6542829214,28432.8348630136
"Afr_penguin","s1","Dassen.Island",2002,"census","fit",22276.934959836,18242.2937974614,27231.7353722242,16417.3511639687,29967.7263397192
"Afr_penguin","s1","Dassen.Island",2003,"census","fit",20756.123032498,16908.7366494365,25425.4186633207,15323.6948255701,27943.8364078225
"Afr_penguin","s1","Dassen.Island",2004,"census","fit",24131.6052769331,19698.718574913,29350.8356500406,17818.6086112492,32394.6558289677
"Afr_penguin","s1","Dassen.Island",2005,"census","fit",21772.41045407,17739.8805711575,26599.4955008745,16136.1872923968,29171.3881976309
"Afr_penguin","s1","Dassen.Island",2006,"census","fit",13703.4885674584,11198.1100474633,16781.2561906316,10192.2767636644,18695.020972296
"Afr_penguin","s1","Dassen.Island",2007,"census","fit",11214.7646480112,9131.02721367241,13762.5665360969,8289.11350478739,15081.6849550728
"Afr_penguin","s1","Dassen.Island",2008,"census","fit",6031.41627950648,4950.6264236238,7370.95817549165,4502.16975958657,8227.09100441515
"Afr_penguin","s1","Dassen.Island",2009,"census","fit",5197.67834334455,4255.26354663936,6356.51323119967,3848.31591038302,7000.14929732391
"Afr_penguin","s1","Dassen.Island",2010,"census","fit",4846.77612796461,3937.40545351708,5944.79915755618,3563.8144484027,6566.01445232526
"Afr_penguin","s1","Dassen.Island",2011,"census","fit",3842.33665102742,3141.43196053772,4688.19020526875,2827.46817723142,5136.7614476565
"Afr_penguin","s1","Dassen.Island",2012,"census","fit",2759.57045001102,2260.25666775156,3375.03968051948,2046.70788894158,3736.46898121272
"Afr_penguin","s1","Dassen.Island",2013,"census","fit",2586.31804553294,2097.87153910226,3184.69001971335,1912.69809716821,3498.82815777395
"Afr_penguin","s1","Dassen.Island",2014,"census","fit",2078.82096174031,1698.18323450974,2546.12209614593,1536.47143488283,2816.73601459814
"Afr_penguin","s1","Dassen.Island",2015,"census","fit",2108.86424582004,1721.82382403959,2577.38682782248,1566.14992170981,2849.20305077165
"Afr_penguin","s1","Dassen.Island",2016,"census","fit",1889.39931700173,1554.77182650685,2318.0638570373,1407.81477911226,2584.01038845343
"Afr_penguin","s1","Dassen.Island",2017,"census","fit",1909.01231340192,1546.07975620497,2344.78225384953,1395.0125794112,2574.82429449067
"Afr_penguin","s1","Dassen.Island",2018,"census","prj",1816.01351447435,1463.80383365974,2243.44890375124,1419.04652639324,2322.06367623704
"Afr_penguin","s1","Robben.Island",1979,"census","fit",7.62728657832602,3.42379742353892,17.2103001891224,3.31703922231542,17.6174063838271
"Afr_penguin","s1","Robben.Island",1980,"census","fit",8.10554064810797,3.60983471442654,18.7484482099851,3.4991672506183,19.2598544770755
"Afr_penguin","s1","Robben.Island",1981,"census","fit",8.74127437413726,4.01301025975104,18.7432136950378,3.8762077670043,19.4157052807226
"Afr_penguin","s1","Robben.Island",1982,"census","fit",9.32415610700859,5.04188238929068,17.3836750439196,4.88370398333027,18.1486303020106
"Afr_penguin","s1","Robben.Island",1983,"census","fit",9.97763070693514,8.09658353260188,12.4035311245651,7.37757702139268,13.6175304572981
"Afr_penguin","s1","Robben.Island",1984,"census","fit",25.1647910279474,20.6129334667519,30.930070301121,18.7422775979336,34.1172762973801
"Afr_penguin","s1","Robben.Island",1985,"census","fit",96.9769231152736,78.9719068608821,118.694823211794,71.7936860025047,130.004917262141
"Afr_penguin","s1","Robben.Island",1986,"census","fit",224.012802818724,183.649286172078,273.379394432968,165.25236967158,302.065937372141
"Afr_penguin","s1","Robben.Island",1987,"census","fit",465.421786739479,380.313528535891,572.161345287497,344.739110436068,627.957679719308
"Afr_penguin","s1","Robben.Island",1988,"census","fit",803.126099806899,655.19447696144,977.556216727851,593.481241246924,1085.76574745663
"Afr_penguin","s1","Robben.Island",1989,"census","fit",861.407992350131,706.041045540727,1051.13572515924,638.592844373537,1164.42318666846
"Afr_penguin","s1","Robben.Island",1990,"census","fit",1272.36152839287,1045.27069103266,1553.47695316085,943.779478884818,1708.5294120742
"Afr_penguin","s1","Robben.Island",1991,"census","fit",1823.2078729675,1491.76680808932,2225.24849810678,1350.91137664353,2476.9389072243
"Afr_penguin","s1","Robben.Island",1992,"census","fit",2022.27118894244,1649.94904386678,2475.84541091556,1490.36523906262,2746.43407358315
"Afr_penguin","s1","Robben.Island",1993,"census","fit",2204.20287721468,1815.77898170627,2694.06260258976,1644.6999374681,2982.91488118765
"Afr_penguin","s1","Robben.Island",1994,"census","fit",2694.03253087643,2199.56119513054,3302.16888081604,1999.03757435112,3622.26971138166
"Afr_penguin","s1","Robben.Island",1995,"census","fit",2382.05979843474,1951.21902133262,2930.93339826769,1771.24991717518,3216.63871032892
"Afr_penguin","s1","Robben.Island",1996,"census","fit",3033.28572107219,2479.7737339754,3721.45219160493,2255.05182599395,4079.636791634
"Afr_penguin","s1","Robben.Island",1997,"census","fit",3329.07424214579,2722.89309876332,4071.86641639806,2472.50949184235,4533.52155614101
"Afr_penguin","s1","Robben.Island",1998,"census","fit",3533.7380725166,2901.57856532358,4318.45699817669,2627.0107283407,4755.6265047469
"Afr_penguin","s1","Robben.Island",1999,"census","fit",4391.63146350649,3592.81973362132,5370.45077588619,3241.24972879626,5854.36536075407
"Afr_penguin","s1","Robben.Island",2000,"census","fit",5377.60486399872,4401.83084670849,6612.18248549139,4006.64903057093,7317.31051870084
"Afr_penguin","s1","Robben.Island",2001,"census","fit",6350.17943669152,5192.17041522921,7760.0323411601,4709.22712299211,8574.70821087738
"Afr_penguin","s1","Robben.Island",2002,"census","fit",6932.96203401041,5666.05955678665,8473.04423680923,5145.30555005699,9396.98722805563
"Afr_penguin","s1","Robben.Island",2003,"census","fit",6193.98341709307,5090.41921989213,7600.68502547706,4610.89208939461,8329.80575080353
"Afr_penguin","s1","Robben.Island",2004,"census","fit",7571.11213907865,6173.52851443027,9258.09149307057,5601.80347486394,10203.9437686161
"Afr_penguin","s1","Robben.Island",2005,"census","fit",7058.63070820344,5767.68560865963,8602.8998576,5205.91982208814,9525.57961989267
"Afr_penguin","s1","Robben.Island",2006,"census","fit",5951.62608625638,4885.78400381997,7340.46193256209,4444.67151436412,8033.66666321906
"Afr_penguin","s1","Robben.Island",2007,"census","fit",5740.87576939562,4673.40124193981,7011.35021316292,4235.46256624949,7729.43219826717
"Afr_penguin","s1","Robben.Island",2008,"census","fit",4136.63757742888,3388.91719573495,5059.915612477,3064.09223109606,5629.44148868711
"Afr_penguin","s1","Robben.Island",2009,"census","fit",2562.69457851843,2090.76488427894,3134.38314332649,1908.56410143326,3459.85632280158
"Afr_penguin","s1","Robben.Island",2010,"census","fit",2535.67186781767,2063.28249023607,3095.49936235845,1884.2872578248,3448.39125647454
"Afr_penguin","s1","Robben.Island",2011,"census","fit",1855.51453181314,1521.91728954317,2273.88221656288,1385.01356017223,2510.4130150094
"Afr_penguin","s1","Robben.Island",2012,"census","fit",1653.54151571431,1355.53117670916,2013.72665232211,1231.42981715887,2229.9357904838
"Afr_penguin","s1","Robben.Island",2013,"census","fit",1357.77364104824,1110.47851121638,1653.70008156996,1004.98220512973,1829.89042228745
"Afr_penguin","s1","Robben.Island",2014,"census","fit",1061.85459824902,869.123461317566,1303.91667116367,788.616890013544,1442.29215136346
"Afr_penguin","s1","Robben.Island",2015,"census","fit",1212.65643383787,988.793884840562,1477.96243127148,897.987023616173,1629.9791319827
"Afr_penguin","s1","Robben.Island",2016,"census","fit",1349.54810729807,1093.40164750052,1650.63269490339,992.74796856927,1834.0967563424
"Afr_penguin","s1","Robben.Island",2017,"census","fit",1452.47772170977,1177.27466139754,1794.01518349941,1067.94953418777,1975.9743027517
"Afr_penguin","s1","Robben.Island",2018,"census","prj",1667.67410007957,1341.952805391,2075.63494207729,1296.44589388325,2153.4934705953
"Afr_penguin","s1","Boulders",1979,"census","fit",1.53061341003799,0.640281998104613,3.70152695119263,0.619849957528644,3.77300368308605
"Afr_penguin","s1","Boulders",1980,"census","fit",1.62726711143067,0.63868577134302,4.13791634560268,0.621105994752643,4.22601910451655
"Afr_penguin","s1","Boulders",1981,"census","fit",1.70467731787047,0.655563552312569,4.39608046578927,0.640014659868145,4.53470735367611
"Afr_penguin","s1","Boulders",1982,"census","fit",1.80048218513387,0.73049376195786,4.57787279598194,0.702529736259965,4.71914362917367
"Afr_penguin","s1","Boulders",1983,"census","fit",1.90927898394588,0.849296772008209,4.41317420580262,0.82190192970868,4.5387299730853
"Afr_penguin","s1","Boulders",1984,"census","fit",2.01846179061788,1.06725708214565,3.82129011399417,1.02168958301626,3.93961850841997
"Afr_penguin","s1","Boulders",1985,"census","fit",2.1436312419314,1.73366284679919,2.68756371617347,1.56841786094974,2.95398791894353
"Afr_penguin","s1","Boulders",1986,"census","fit",4.07692116078347,2.49941800522697,6.6365177864899,2.39314894292262,6.93352024319996
"Afr_penguin","s1","Boulders",1987,"census","fit",7.64485960794932,6.25682486208768,9.44086453628117,5.67208284281711,10.3787347014064
"Afr_penguin","s1","Boulders",1988,"census","fit",29.7895689380804,23.913349596874,36.2809721281159,21.7920637158951,40.1202173274562
"Afr_penguin","s1","Boulders",1989,"census","fit",38.5576504551712,31.4082176147624,47.1619231555541,28.4468319393627,51.8910585085097
"Afr_penguin","s1","Boulders",1990,"census","fit",56.5347275598723,46.3417716470952,69.4511158392515,41.9771296857823,76.6598323782353
"Afr_penguin","s1","Boulders",1991,"census","fit",123.502042231902,100.415604856039,150.754956326031,90.7531080116863,165.690968614155
"Afr_penguin","s1","Boulders",1992,"census","fit",161.005386926334,131.595462761531,196.509473010631,119.530254015634,217.618326830139
"Afr_penguin","s1","Boulders",1993,"census","fit",239.34420749199,195.315186615177,293.9096685422,177.754362304756,323.025731783555
"Afr_penguin","s1","Boulders",1994,"census","fit",346.436775947395,282.509800270744,423.157429808925,256.04691502191,467.760396614607
"Afr_penguin","s1","Boulders",1995,"census","fit",369.922995271991,302.804482634513,452.95587507722,273.769832930406,499.932180438405
"Afr_penguin","s1","Boulders",1996,"census","fit",431.261035573949,351.46672274636,527.856637072582,317.749036247316,583.002686380995
"Afr_penguin","s1","Boulders",1997,"census","fit",676.337239727545,550.280692710971,825.475760919654,498.507725894418,908.837470759109
"Afr_penguin","s1","Boulders",1998,"census","fit",590.874205034428,483.053917274644,725.618678936367,436.983912408292,799.976725851224
"Afr_penguin","s1","Boulders",1999,"census","fit",873.322507328526,711.672176244255,1064.42314476905,647.803622063483,1180.85230871251
"Afr_penguin","s1","Boulders",2000,"census","fit",949.638159368131,773.952116798713,1163.54897254154,702.762804684492,1283.14395645719
"Afr_penguin","s1","Boulders",2001,"census","fit",1047.40785581521,856.866859001797,1282.85062324352,775.625823749034,1421.35576421671
"Afr_penguin","s1","Boulders",2002,"census","fit",1079.1300602173,882.051534712777,1319.50507862668,793.609819839319,1455.16554569885
"Afr_penguin","s1","Boulders",2003,"census","fit",1050.42387288456,859.78935462326,1287.50913266767,778.323020993405,1415.07884098109
"Afr_penguin","s1","Boulders",2004,"census","fit",1181.91979194207,968.628126656291,1442.12815473346,879.62055443391,1602.92087587397
"Afr_penguin","s1","Boulders",2005,"census","fit",1205.10090954871,983.718431181909,1477.258181853,894.394886321284,1628.5610753254
"Afr_penguin","s1","Boulders",2006,"census","fit",1060.44518975531,865.177902987772,1300.34591139752,786.378547910323,1431.98808793639
"Afr_penguin","s1","Boulders",2007,"census","fit",850.442855608348,698.423548730384,1041.24301568463,628.724684034762,1148.6266803225
"Afr_penguin","s1","Boulders",2008,"census","fit",889.039313039664,725.65846426448,1086.62551260026,655.334557030335,1205.02293222605
"Afr_penguin","s1","Boulders",2009,"census","fit",735.952641605435,601.30453714817,904.863798684617,545.907985617899,998.097651845435
"Afr_penguin","s1","Boulders",2010,"census","fit",887.537362498043,723.667264553465,1088.57257125125,657.726252918466,1191.71580340502
"Afr_penguin","s1","Boulders",2011,"census","fit",694.457008956689,566.234843856837,852.568778721148,516.384022820038,940.719338048768
"Afr_penguin","s1","Boulders",2012,"census","fit",792.742147608722,646.205590871162,969.035439665309,582.218275008538,1069.9317251705
"Afr_penguin","s1","Boulders",2013,"census","fit",601.071115849326,491.62719903956,738.484103542295,443.073410305965,812.384102542087
"Afr_penguin","s1","Boulders",2014,"census","fit",918.564363139066,749.124066329177,1129.03005012784,680.399628013751,1249.06550254817
"Afr_penguin","s1","Boulders",2015,"census","fit",964.19153209743,786.889930103688,1175.56937695471,716.125671706027,1294.64428202612
"Afr_penguin","s1","Boulders",2016,"census","fit",879.033835681631,715.667823021268,1074.3522853839,649.65783177226,1190.34565046051
"Afr_penguin","s1","Boulders",2017,"census","fit",871.949936729622,704.673991120048,1081.93019291802,639.98639385085,1195.51673506667
"Afr_penguin","s1","Boulders",2018,"census","prj",1030.54120122042,827.459578562233,1282.9091772349,801.26250224778,1330.31691679816
"Afr_penguin","s1","Stony.Point",1979,"census","fit",0.767932278545604,0.356412424385754,1.61405418622064,0.342336044413381,1.66009857670139
"Afr_penguin","s1","Stony.Point",1980,"census","fit",0.842134385708452,0.399921500546318,1.7603825618316,0.387253223954209,1.82451014573087
"Afr_penguin","s1","Stony.Point",1981,"census","fit",0.922547995723698,0.501683819195862,1.69015322525658,0.480642289287735,1.75148070552902
"Afr_penguin","s1","Stony.Point",1982,"census","fit",1.00580838135898,0.816658492731132,1.2440360339712,0.741814010480099,1.37106303499642
"Afr_penguin","s1","Stony.Point",1983,"census","fit",1.15885769324415,0.947610606620897,1.43954796276338,0.859169284929566,1.58505191721199
"Afr_penguin","s1","Stony.Point",1984,"census","fit",4.69833489137216,3.82225475020109,5.72647711016231,3.45594927006749,6.3328498790979
"Afr_penguin","s1","Stony.Point",1985,"census","fit",10.9880962644297,8.94914773205736,13.4272682159606,8.11284608038902,14.8749392597331
"Afr_penguin","s1","Stony.Point",1986,"census","fit",25.4119602171838,20.5755804288565,31.148890851385,18.6032467891478,34.2489080286305
"Afr_penguin","s1","Stony.Point",1987,"census","fit",35.3604879400182,20.2595018978056,60.7195644163101,19.6090763181548,64.0193140941974
"Afr_penguin","s1","Stony.Point",1988,"census","fit",49.0282345626088,28.5135547344956,85.44153160184,27.3454628824613,87.5494044044055
"Afr_penguin","s1","Stony.Point",1989,"census","fit",68.107194952086,55.2691277032951,84.2700981386781,50.5179818356612,92.3243316355843
"Afr_penguin","s1","Stony.Point",1990,"census","fit",85.2877551004806,69.8014304016191,104.07633818552,62.9054791101815,114.688504986802
"Afr_penguin","s1","Stony.Point",1991,"census","fit",75.5086732754503,61.3823409465369,92.589693565297,55.7178448001173,101.18044189749
"Afr_penguin","s1","Stony.Point",1992,"census","fit",56.9057625539535,46.4184137311809,69.6394306652588,42.1219901049987,77.3282092674913
"Afr_penguin","s1","Stony.Point",1993,"census","fit",41.794256967467,34.269455310309,51.2704473094276,30.8813395065167,56.8071513658883
"Afr_penguin","s1","Stony.Point",1994,"census","fit",44.3683436601174,35.9418770301671,54.4708837672581,32.598058282708,60.6339411871493
"Afr_penguin","s1","Stony.Point",1995,"census","fit",50.2039070872086,28.1911495626186,89.1338982371651,26.9242593635799,93.1446408115538
"Afr_penguin","s1","Stony.Point",1996,"census","fit",56.6273426739044,29.0093396511006,110.050297259562,28.2253959849584,115.16569860321
"Afr_penguin","s1","Stony.Point",1997,"census","fit",64.1851927910908,35.5989104404987,114.861419926791,34.3320623578863,118.980493478262
"Afr_penguin","s1","Stony.Point",1998,"census","fit",72.2220673742636,58.6951828683322,89.8708940500825,52.6134849727679,98.589506163341
"Afr_penguin","s1","Stony.Point",1999,"census","fit",86.4107004275578,52.9508449214515,139.191875320794,50.7882367597418,145.919189327599
"Afr_penguin","s1","Stony.Point",2000,"census","fit",102.609938848215,83.357645250023,125.682262419485,75.4742855537581,138.397729425368
"Afr_penguin","s1","Stony.Point",2001,"census","fit",110.65380496821,90.4138556696405,135.737475219709,82.2161518628027,148.988900129649
"Afr_penguin","s1","Stony.Point",2002,"census","fit",115.194023577908,72.2933959338848,188.504455030362,68.7971108388255,198.495381047715
"Afr_penguin","s1","Stony.Point",2003,"census","fit",120.248193504467,97.9911184038405,147.245250135844,88.8112895186688,162.213672307597
"Afr_penguin","s1","Stony.Point",2004,"census","fit",106.078737827505,86.603122201711,131.00127798167,78.6769735969527,144.219286011693
"Afr_penguin","s1","Stony.Point",2005,"census","fit",181.665490579765,148.114453336574,223.051188538824,134.659377970311,244.82188562717
"Afr_penguin","s1","Stony.Point",2006,"census","fit",255.789784547094,208.500498353544,312.623091846057,188.284199024408,345.894626449406
"Afr_penguin","s1","Stony.Point",2007,"census","fit",264.621857457039,217.197055194193,324.271773914754,196.683634841435,358.332913005633
"Afr_penguin","s1","Stony.Point",2008,"census","fit",318.284924166604,260.717033787553,389.876323212984,236.437447763694,431.682411865103
"Afr_penguin","s1","Stony.Point",2009,"census","fit",469.360404331362,382.972300472935,574.75589397378,348.037987712954,633.692490945962
"Afr_penguin","s1","Stony.Point",2010,"census","fit",505.202084985405,414.101306184018,622.290867779404,374.667423419913,686.248345426296
"Afr_penguin","s1","Stony.Point",2011,"census","fit",1107.64156269314,901.722737360242,1355.56618747607,819.020135474272,1494.12854647257
"Afr_penguin","s1","Stony.Point",2012,"census","fit",1766.6568265534,1437.59153609747,2166.04672508482,1292.90792866147,2381.51757539647
"Afr_penguin","s1","Stony.Point",2013,"census","fit",2009.99936813685,1639.35820984696,2463.79066813292,1485.57721253165,2695.74129782382
"Afr_penguin","s1","Stony.Point",2014,"census","fit",2078.68193214478,1699.15457506107,2545.63540471985,1545.53044547985,2814.22578096548
"Afr_penguin","s1","Stony.Point",2015,"census","fit",2467.52097652484,2009.76111848759,3026.25184609341,1810.5318078091,3335.02100893079
"Afr_penguin","s1","Stony.Point",2016,"census","fit",2339.1183002368,1911.12265218637,2854.66026460935,1724.81057325253,3160.52804239396
"Afr_penguin","s1","Stony.Point",2017,"census","fit",1865.74459046691,1510.25663622089,2318.16163485777,1378.82294741085,2563.44840399967
"Afr_penguin","s1","Stony.Point",2018,"census","prj",2291.29452173703,1841.28126876936,2862.85805791453,1796.21429197158,2961.32418071631
"Afr_penguin","s1","Dyer.Island",1979,"census","fit",22737.1432980954,18295.3354365392,28183.8932322651,16668.6000732537,31289.7838658595
"Afr_penguin","s1","Dyer.Island",1980,"census","fit",21874.7940449905,11725.916389514,40925.1885478976,11255.8380788748,42983.9559855676
"Afr_penguin","s1","Dyer.Island",1981,"census","fit",21047.5488491742,9439.70531396365,46163.8941080384,9185.57108201123,47521.8878334156
"Afr_penguin","s1","Dyer.Island",1982,"census","fit",20378.0988047282,8624.61361089053,48949.9156039201,8289.73724888662,50558.0532474081
"Afr_penguin","s1","Dyer.Island",1983,"census","fit",19797.6582769884,8302.71219246296,47531.8631741589,8057.43425037445,48551.543816629
"Afr_penguin","s1","Dyer.Island",1984,"census","fit",19136.8418607129,8663.25033035776,42072.4108255894,8287.24288809451,43242.2594169077
"Afr_penguin","s1","Dyer.Island",1985,"census","fit",18566.7777890552,9799.39557340183,35256.1621073007,9458.02955191164,36579.4246926668
"Afr_penguin","s1","Dyer.Island",1986,"census","fit",18130.4515422085,14626.8772682753,22566.2792839016,13261.8025060786,24833.7880231443
"Afr_penguin","s1","Dyer.Island",1987,"census","fit",14978.2041247813,8360.24798322408,26867.1413208663,7952.97904267038,28201.8626190894
"Afr_penguin","s1","Dyer.Island",1988,"census","fit",12257.3322405957,6266.78737816443,23894.7143961636,6054.84199265672,24667.5943125297
"Afr_penguin","s1","Dyer.Island",1989,"census","fit",10038.4591399553,5582.85747895931,17945.0696029573,5401.36369896673,18637.6123335869
"Afr_penguin","s1","Dyer.Island",1990,"census","fit",8282.1888265713,6718.63414733828,10216.1678344868,6046.67614458223,11236.9347818779
"Afr_penguin","s1","Dyer.Island",1991,"census","fit",6351.41231285797,5216.44350986781,7782.56326631094,4726.42116587619,8629.82189723689
"Afr_penguin","s1","Dyer.Island",1992,"census","fit",6774.12465785848,5499.0301189982,8280.14166070255,4955.16660639419,9116.79634064163
"Afr_penguin","s1","Dyer.Island",1993,"census","fit",2782.22136819131,2278.77839487169,3460.33039031229,2066.28589319073,3845.68313015807
"Afr_penguin","s1","Dyer.Island",1994,"census","fit",4387.60027858972,3576.84773434901,5389.73751987899,3221.80195979766,5964.29726045678
"Afr_penguin","s1","Dyer.Island",1995,"census","fit",4176.58047490035,3397.79159887384,5113.58852325789,3083.82514195496,5621.21525038698
"Afr_penguin","s1","Dyer.Island",1996,"census","fit",3296.19595383594,2684.25643755594,4049.92581803216,2447.46127668964,4465.72574510495
"Afr_penguin","s1","Dyer.Island",1997,"census","fit",2722.72035118961,2228.57000744534,3327.46534184006,2017.35842907032,3697.54171096859
"Afr_penguin","s1","Dyer.Island",1998,"census","fit",2058.93976786886,1684.47781644451,2522.50204876946,1519.41250182653,2802.9547929821
"Afr_penguin","s1","Dyer.Island",1999,"census","fit",2322.81861307112,1888.25022318916,2814.30067059004,1711.42507242702,3112.20791734488
"Afr_penguin","s1","Dyer.Island",2000,"census","fit",2217.93063115472,1815.73600297482,2697.47460606505,1647.25390334273,2990.40098586593
"Afr_penguin","s1","Dyer.Island",2001,"census","fit",2101.09528503334,1724.24852944591,2584.12930164346,1552.26750894004,2849.46609271682
"Afr_penguin","s1","Dyer.Island",2002,"census","fit",2121.99443182145,1733.09445835718,2581.70461247933,1563.01453752201,2860.65390745058
"Afr_penguin","s1","Dyer.Island",2003,"census","fit",1961.67616993659,1605.19750319011,2420.87755958594,1458.68012766984,2663.45350940427
"Afr_penguin","s1","Dyer.Island",2004,"census","fit",2179.77991405457,1778.3165570547,2657.1279852326,1613.83921312561,2942.8309315163
"Afr_penguin","s1","Dyer.Island",2005,"census","fit",2057.63121152548,1678.72217575814,2529.18369269719,1526.64566141906,2784.8000545674
"Afr_penguin","s1","Dyer.Island",2006,"census","fit",2000.84938528127,1635.46539184005,2450.9367672294,1487.25685115669,2681.16882903755
"Afr_penguin","s1","Dyer.Island",2007,"census","fit",1559.29519421958,1274.70119934561,1908.50015949281,1155.5759145576,2114.98343790204
"Afr_penguin","s1","Dyer.Island",2008,"census","fit",1571.59435200062,1281.38464504343,1914.10956646871,1163.17134796843,2120.31209955203
"Afr_penguin","s1","Dyer.Island",2009,"census","fit",1297.77016092619,1066.78273551356,1590.17567515267,964.739181345627,1757.02008773005
"Afr_penguin","s1","Dyer.Island",2010,"census","fit",1391.66926037725,1136.74148899941,1698.65687667735,1030.08007851058,1880.29771860112
"Afr_penguin","s1","Dyer.Island",2011,"census","fit",1032.84277491498,845.87574020693,1265.52862531117,767.509242010178,1398.21710157747
"Afr_penguin","s1","Dyer.Island",2012,"census","fit",1268.26901220997,1029.73534626224,1551.07944054109,931.845978036231,1707.44282992169
"Afr_penguin","s1","Dyer.Island",2013,"census","fit",1242.529155303,1014.56970874895,1513.03261583923,916.568868305621,1671.42057873968
"Afr_penguin","s1","Dyer.Island",2014,"census","fit",1158.78908702182,947.974386572512,1422.6577107404,857.862316241214,1581.74596001948
"Afr_penguin","s1","Dyer.Island",2015,"census","fit",1172.80732409838,960.058710638266,1436.22462465371,869.86984153808,1595.67674860412
"Afr_penguin","s1","Dyer.Island",2016,"census","fit",1310.50261175512,1062.61272851866,1606.01312827801,968.154939894772,1771.58543687219
"Afr_penguin","s1","Dyer.Island",2017,"census","fit",975.88865348115,790.806368117009,1208.82313133574,718.571067509464,1325.96055398207
"Afr_penguin","s1","Dyer.Island",2018,"census","prj",898.421392580335,724.830118512378,1119.61093296084,704.404338839789,1151.51828841552
"Afr_penguin","s1","St.Croix.Island",1979,"census","fit",13964.3125886375,11329.1274026208,17262.6290245486,10292.8758847166,19027.0852249637
"Afr_penguin","s1","St.Croix.Island",1980,"census","fit",14834.8658424214,12004.4651160846,18349.7220296687,10936.0683357662,20101.5880084471
"Afr_penguin","s1","St.Croix.Island",1981,"census","fit",15522.0527233373,8620.74620013843,28509.8881534932,8184.41184871963,29351.7132239513
"Afr_penguin","s1","St.Croix.Island",1982,"census","fit",16510.0506666714,7984.66168974728,34415.0388467582,7691.77599414548,35255.9582236128
"Afr_penguin","s1","St.Croix.Island",1983,"census","fit",17469.4622723505,8457.02446904888,36536.715105198,8211.75223718526,37331.0061941506
"Afr_penguin","s1","St.Croix.Island",1984,"census","fit",18331.2723381204,10003.5459114617,33384.7489526635,9614.72450449234,35318.4527635484
"Afr_penguin","s1","St.Croix.Island",1985,"census","fit",19378.3558893028,15580.9234870787,24100.7609785008,14068.3862283102,26561.5766525912
"Afr_penguin","s1","St.Croix.Island",1986,"census","fit",19481.7423888621,10297.4075223616,36645.4459897303,9731.62075427043,37466.8479945393
"Afr_penguin","s1","St.Croix.Island",1987,"census","fit",19306.100548354,8626.39589722009,43078.507707435,8459.83398600808,44982.1272658704
"Afr_penguin","s1","St.Croix.Island",1988,"census","fit",19368.214424715,7913.99161937485,47261.3031759841,7684.86743154658,49318.7341369124
"Afr_penguin","s1","St.Croix.Island",1989,"census","fit",19481.7764617918,7730.16776820477,50501.2718350987,7485.18252732036,51713.3813145553
"Afr_penguin","s1","St.Croix.Island",1990,"census","fit",19344.7115086727,7841.31547078489,48285.7649953521,7768.97642365302,50214.5181576697
"Afr_penguin","s1","St.Croix.Island",1991,"census","fit",19477.281039321,8556.44306673417,43245.690589053,8375.88547955905,44729.7496685235
"Afr_penguin","s1","St.Croix.Island",1992,"census","fit",19307.1464170133,10162.1929144321,36335.1628636853,9694.73351673516,37568.0790192462
"Afr_penguin","s1","St.Croix.Island",1993,"census","fit",19343.9194282551,15592.0757321792,24096.5942847695,14167.2800880943,26385.2358551725
"Afr_penguin","s1","St.Croix.Island",1994,"census","fit",18368.7441546428,9866.13064236082,33759.6504355979,9478.0497429897,35446.1204390613
"Afr_penguin","s1","St.Croix.Island",1995,"census","fit",17327.9296841578,8202.40615180352,37418.9381352244,7942.4908416883,38380.4951063133
"Afr_penguin","s1","St.Croix.Island",1996,"census","fit",16448.37097186,7296.31159492477,37241.2568564162,7048.11877839845,38480.4793096912
"Afr_penguin","s1","St.Croix.Island",1997,"census","fit",15553.1773311609,7255.93668879282,33026.407651916,6987.7466463751,34255.2920328788
"Afr_penguin","s1","St.Croix.Island",1998,"census","fit",14875.6008427708,8106.14232054958,27632.1790172702,7718.01600402838,28818.515957761
"Afr_penguin","s1","St.Croix.Island",1999,"census","fit",14193.9461881391,11510.2981722797,17539.4314861966,10457.4936692257,19271.1210168913
"Afr_penguin","s1","St.Croix.Island",2000,"census","fit",15221.6457001717,12426.3377494589,18557.2614263149,11255.7452266227,20480.6097322213
"Afr_penguin","s1","St.Croix.Island",2001,"census","fit",16288.4529732548,13197.518822425,19857.7894406585,12030.7469799918,22066.8606301902
"Afr_penguin","s1","St.Croix.Island",2002,"census","fit",12406.6789292384,7630.95553832282,20106.6571712758,7285.63058667388,21141.9611710662
"Afr_penguin","s1","St.Croix.Island",2003,"census","fit",9390.47411289756,7649.62876185393,11555.3103281923,6892.01939746093,12780.2133401763
"Afr_penguin","s1","St.Croix.Island",2004,"census","fit",9334.81667465976,7570.45793780636,11429.4372606305,6883.53594818478,12450.245735536
"Afr_penguin","s1","St.Croix.Island",2005,"census","fit",4736.39719598331,3872.65551244771,5852.36612542085,3514.34024203858,6458.43269524906
"Afr_penguin","s1","St.Croix.Island",2006,"census","fit",7312.78639740662,5924.90102159414,8933.19625668064,5356.39856515631,9804.47660496479
"Afr_penguin","s1","St.Croix.Island",2007,"census","fit",4812.97075366233,3955.57748621457,5961.19828868183,3593.60659167474,6550.87748090101
"Afr_penguin","s1","St.Croix.Island",2008,"census","fit",7313.14696654696,5968.17986250378,8967.50703557735,5466.39852350664,9825.34407855377
"Afr_penguin","s1","St.Croix.Island",2009,"census","fit",6944.72347953818,5646.53236795034,8554.28028137697,5103.73006339923,9382.45229089666
"Afr_penguin","s1","St.Croix.Island",2010,"census","fit",7547.00536927561,4676.23595358914,12125.3391673298,4493.6738652835,12758.6065617612
"Afr_penguin","s1","St.Croix.Island",2011,"census","fit",8246.37430571095,6695.52267305954,10079.7284043923,6044.04720742,11150.1526068209
"Afr_penguin","s1","St.Croix.Island",2012,"census","fit",6860.0503360912,5589.00350462798,8407.48422124052,5077.42438408852,9292.71236317045
"Afr_penguin","s1","St.Croix.Island",2013,"census","fit",7645.10449880259,6256.81091654924,9351.69062352524,5653.59930810846,10357.1073550347
"Afr_penguin","s1","St.Croix.Island",2014,"census","fit",8450.49474538676,6902.9689182117,10340.0790215412,6240.18102276428,11486.5084374863
"Afr_penguin","s1","St.Croix.Island",2015,"census","fit",7556.28075355857,6145.063490124,9219.2374498839,5572.95816154425,10079.9039871949
"Afr_penguin","s1","St.Croix.Island",2016,"census","fit",6237.56910763172,5097.45305982186,7659.26058692178,4623.89646734345,8451.95347894566
"Afr_penguin","s1","St.Croix.Island",2017,"census","fit",6145.63579382596,4951.67911627945,7608.46493140967,4484.93121882811,8390.3298948568
"Afr_penguin","s1","St.Croix.Island",2018,"census","prj",6011.70079724742,4823.65546416663,7484.89830746411,4706.66251239066,7738.79417083377
"Afr_penguin","s1","Bird.Island",1979,"census","fit",550.762633577549,276.127415852322,1100.10236105385,264.504180625167,1158.18002859221
"Afr_penguin","s1","Bird.Island",1980,"census","fit",568.144717840855,315.041123254883,1031.6982591015,300.162076839063,1079.13670889753
"Afr_penguin","s1","Bird.Island",1981,"census","fit",583.290381649003,470.34663618582,726.795689963321,428.002471502671,796.068014883836
"Afr_penguin","s1","Bird.Island",1982,"census","fit",708.904773520951,375.43887273262,1340.8498629114,360.884117279944,1403.11208977479
"Afr_penguin","s1","Bird.Island",1983,"census","fit",869.296644317749,378.968013622798,1989.75544408108,370.909697439304,2042.96922710502
"Afr_penguin","s1","Bird.Island",1984,"census","fit",1063.49329434238,414.83777495861,2651.53371791035,410.008264156469,2699.10775215692
"Afr_penguin","s1","Bird.Island",1985,"census","fit",1297.55575670694,482.047985484179,3468.09378713071,468.400692324259,3518.2847620687
"Afr_penguin","s1","Bird.Island",1986,"census","fit",1580.93240344764,582.811256106157,4217.13176819807,579.798626223526,4305.22040389821
"Afr_penguin","s1","Bird.Island",1987,"census","fit",1927.95172784112,776.200906685116,4873.22140791259,756.365023532769,5066.72090858317
"Afr_penguin","s1","Bird.Island",1988,"census","fit",2379.22288183502,1051.78926351338,5432.89398746379,1012.25538909814,5531.99630986416
"Afr_penguin","s1","Bird.Island",1989,"census","fit",2932.38089705464,1540.17390051799,5562.78325456967,1482.8890217675,5773.91430146408
"Afr_penguin","s1","Bird.Island",1990,"census","fit",3582.73241416498,2896.14721118663,4403.85071825639,2617.82468309958,4830.11365986972
"Afr_penguin","s1","Bird.Island",1991,"census","fit",3268.3386128993,2672.32211683823,3993.86490499345,2404.92409696838,4428.17081959275
"Afr_penguin","s1","Bird.Island",1992,"census","fit",3582.7084612265,2913.1168868147,4359.40765407209,2656.33186178301,4794.66347451257
"Afr_penguin","s1","Bird.Island",1993,"census","fit",2454.4590270394,1998.32132490531,3020.5603304204,1816.95322711119,3322.37094741501
"Afr_penguin","s1","Bird.Island",1994,"census","fit",2902.44494705205,1788.34349813956,4650.21848863876,1704.00184903711,4893.21765699222
"Afr_penguin","s1","Bird.Island",1995,"census","fit",3442.24934763177,2765.21963326185,4250.80640991085,2515.02451957406,4669.03999826126
"Afr_penguin","s1","Bird.Island",1996,"census","fit",2473.66058127432,1511.21385944537,3977.1242344117,1441.69596889476,4179.56174056402
"Afr_penguin","s1","Bird.Island",1997,"census","fit",1768.34029577803,1430.27244901309,2203.42587714094,1303.01238898386,2424.79039296901
"Afr_penguin","s1","Bird.Island",1998,"census","fit",2573.2281797067,1576.60615013623,4142.75881800246,1517.74782768469,4375.83154389275
"Afr_penguin","s1","Bird.Island",1999,"census","fit",3758.54871833322,3063.218788734,4614.72902362819,2773.52220453074,5090.89657255942
"Afr_penguin","s1","Bird.Island",2000,"census","fit",4117.50617725534,3353.11168978591,5058.07834072444,3041.75804584456,5584.17926014361
"Afr_penguin","s1","Bird.Island",2001,"census","fit",4841.30666396233,3902.72074365132,5937.62395567062,3516.92636460274,6495.71018136329
"Afr_penguin","s1","Bird.Island",2002,"census","fit",2338.03697160511,1445.619422368,3756.73343499235,1378.42774228619,3920.76981865744
"Afr_penguin","s1","Bird.Island",2003,"census","fit",1130.4581833165,914.064016702653,1427.82144162138,832.562682754853,1570.9489012694
"Afr_penguin","s1","Bird.Island",2004,"census","fit",2707.23589058231,2202.24183519692,3315.83661558282,1986.90693274178,3660.85256746145
"Afr_penguin","s1","Bird.Island",2005,"census","fit",3102.54355261139,2517.55541592428,3812.48496128723,2290.72468658274,4184.53979186085
"Afr_penguin","s1","Bird.Island",2006,"census","fit",2703.08098589678,2208.65785158739,3287.75769755291,1996.37577917885,3655.53454956934
"Afr_penguin","s1","Bird.Island",2007,"census","fit",1588.47402771934,1294.70569003702,1954.57145135957,1166.05238898286,2178.04560861904
"Afr_penguin","s1","Bird.Island",2008,"census","fit",2609.7583386339,2127.30793262095,3201.46205319999,1931.63371278227,3509.71124679543
"Afr_penguin","s1","Bird.Island",2009,"census","fit",2627.88753741857,2127.124823526,3225.18741301375,1926.69189650224,3540.65263548572
"Afr_penguin","s1","Bird.Island",2010,"census","fit",2613.76591317595,1621.21372855832,4187.59053550923,1547.84769893081,4443.20608704067
"Afr_penguin","s1","Bird.Island",2011,"census","fit",2617.20202696227,2128.00276825312,3220.33027170867,1938.24483579575,3546.21202003931
"Afr_penguin","s1","Bird.Island",2012,"census","fit",2723.72097436981,2200.64497932681,3343.87964246836,1988.78292772195,3691.63446137436
"Afr_penguin","s1","Bird.Island",2013,"census","fit",1140.13913006732,929.289680413779,1425.75954919388,844.058131568574,1554.54862466229
"Afr_penguin","s1","Bird.Island",2014,"census","fit",2602.99554795915,2120.7483862545,3186.42771387275,1914.00480885976,3516.79840851199
"Afr_penguin","s1","Bird.Island",2015,"census","fit",2794.25216273428,2280.77341226617,3429.89953831048,2068.63076876721,3764.58395802333
"Afr_penguin","s1","Bird.Island",2016,"census","fit",2611.16211555185,2130.93332674404,3186.42448639006,1926.71622781288,3521.04312770186
"Afr_penguin","s1","Bird.Island",2017,"census","fit",2274.58471345878,1843.9045907124,2821.9239370252,1667.01928359812,3127.2040673539
"Afr_penguin","s1","Bird.Island",2018,"census","prj",2360.74936955503,1901.75959520603,2953.9740978681,1844.01671425685,3064.22572397859
"Afr_penguin","s1","Mercury",1979,"census","fit",1100.08324440345,454.523230172786,2710.38848151294,445.618605285692,2782.48781393126
"Afr_penguin","s1","Mercury",1980,"census","fit",1114.67401108336,421.984561002643,2972.50912202014,406.605956975894,3093.81952270494
"Afr_penguin","s1","Mercury",1981,"census","fit",1125.33237690335,420.524958227834,3112.37186592872,410.93385201045,3205.76214531456
"Afr_penguin","s1","Mercury",1982,"census","fit",1144.47740349056,423.995726304915,3052.765305177,417.392265505554,3122.38872092997
"Afr_penguin","s1","Mercury",1983,"census","fit",1156.00804821238,461.004561023266,2939.62799520997,442.472571985808,3000.10488710093
"Afr_penguin","s1","Mercury",1984,"census","fit",1170.44137380335,516.566368199738,2667.34211430361,496.650994243742,2756.07598833204
"Afr_penguin","s1","Mercury",1985,"census","fit",1187.82134331265,634.830912958052,2268.20445557178,603.493196981045,2354.69111194728
"Afr_penguin","s1","Mercury",1986,"census","fit",1202.20070012216,974.579175786398,1492.94414655074,892.144579760322,1633.51804163682
"Afr_penguin","s1","Mercury",1987,"census","fit",2098.33643345328,1696.66214214403,2576.23256406489,1546.67301633409,2827.12452376688
"Afr_penguin","s1","Mercury",1988,"census","fit",2629.57020143758,1623.67825004272,4295.82258279689,1558.43042941308,4510.36139437537
"Afr_penguin","s1","Mercury",1989,"census","fit",3326.59054955456,2691.5245190481,4062.65103553815,2446.34310582481,4504.24039690824
"Afr_penguin","s1","Mercury",1990,"census","fit",3528.44229504773,2870.63206254637,4333.409477078,2602.65888546605,4817.91110856418
"Afr_penguin","s1","Mercury",1991,"census","fit",3532.61419840224,2189.51913242798,5714.41339368372,2086.28858948939,6020.04624382564
"Afr_penguin","s1","Mercury",1992,"census","fit",3567.54644932002,2882.16478418171,4367.35764954618,2606.6296305323,4794.35406486172
"Afr_penguin","s1","Mercury",1993,"census","fit",3490.73873245254,2846.02320550477,4250.18836420047,2566.53043495127,4710.82102799927
"Afr_penguin","s1","Mercury",1994,"census","fit",2239.11462803827,1826.49221687304,2740.62751889296,1651.18999712998,3031.73704800991
"Afr_penguin","s1","Mercury",1995,"census","fit",2271.43598674138,1856.45149090785,2803.24277756585,1681.61700424443,3075.37455524531
"Afr_penguin","s1","Mercury",1996,"census","fit",2401.97859432878,1963.58667563231,2936.20327551127,1777.95572368671,3249.65319821412
"Afr_penguin","s1","Mercury",1997,"census","fit",2651.75395318909,2167.84538130456,3259.42914936192,1958.65904224272,3577.91234923035
"Afr_penguin","s1","Mercury",1998,"census","fit",2873.23103790025,2343.11765896452,3523.77750675988,2127.09932153143,3917.18258450848
"Afr_penguin","s1","Mercury",1999,"census","fit",3001.849363821,2450.63461774572,3674.82876846381,2221.45890392226,4072.52269222436
"Afr_penguin","s1","Mercury",2000,"census","fit",2826.00197553523,2315.80452030917,3478.55465074821,2102.65807232504,3818.54451139732
"Afr_penguin","s1","Mercury",2001,"census","fit",2695.04597614295,2200.02926630602,3296.55741715585,1990.75888803226,3648.14676372877
"Afr_penguin","s1","Mercury",2002,"census","fit",3303.45099181932,2705.95162247443,4047.47194013551,2441.56116588973,4433.39206787458
"Afr_penguin","s1","Mercury",2003,"census","fit",2754.20319700893,2242.95200595307,3382.89083387672,2044.2394955229,3708.50668104395
"Afr_penguin","s1","Mercury",2004,"census","fit",2131.09411325845,1739.99496886175,2602.36396934135,1586.45163967363,2877.70011788453
"Afr_penguin","s1","Mercury",2005,"census","fit",2362.62560783939,1922.71634202536,2875.57809139054,1740.27887331252,3191.14243174334
"Afr_penguin","s1","Mercury",2006,"census","fit",1886.10681955272,1539.12518044482,2318.69443163185,1390.7031096301,2565.36888623512
"Afr_penguin","s1","Mercury",2007,"census","fit",2087.5706343926,1707.28754647419,2568.34670509534,1537.26857714604,2826.36827274663
"Afr_penguin","s1","Mercury",2008,"census","fit",3009.02845919867,2438.97141158614,3681.31925589915,2205.13845193908,4056.54712234398
"Afr_penguin","s1","Mercury",2009,"census","fit",2647.38237764833,2167.1707445266,3258.97318127387,1977.99699379843,3577.20130415753
"Afr_penguin","s1","Mercury",2010,"census","fit",3113.32052199584,2543.49124100309,3804.69753393724,2302.24404843257,4180.84907390933
"Afr_penguin","s1","Mercury",2011,"census","fit",3117.41085962917,2541.97493520717,3800.68764491023,2307.50043072165,4201.71238007845
"Afr_penguin","s1","Mercury",2012,"census","fit",3270.01185233004,2670.75808241289,3979.04848715394,2411.85647555132,4424.46938286281
"Afr_penguin","s1","Mercury",2013,"census","fit",3016.93739790117,2466.98912201213,3697.38699888434,2229.3599340164,4074.35507421285
"Afr_penguin","s1","Mercury",2014,"census","fit",2514.500917957,2055.36922566907,3069.90023779092,1866.79069342801,3428.72029383619
"Afr_penguin","s1","Mercury",2015,"census","fit",2642.69846657101,2141.3882729881,3264.03043536069,1944.59777463222,3587.91694535843
"Afr_penguin","s1","Mercury",2016,"census","fit",2694.14710052153,1368.21864328098,5382.52530639231,1328.23465366782,5623.98249799018
"Afr_penguin","s1","Mercury",2017,"census","fit",2779.76844490559,1046.18338038526,7247.21459276869,1015.5036723065,7379.62802056737
"Afr_penguin","s1","Mercury",2018,"census","prj",2852.31690798949,1047.6099863117,7622.05696807394,1048.20465076836,7738.5647611854
"Afr_penguin","s1","Ichaboe",1979,"census","fit",760.35138758135,320.963925828649,1828.59294775925,314.684696813764,1888.92990080401
"Afr_penguin","s1","Ichaboe",1980,"census","fit",756.767166701449,291.248720146919,2028.82589895265,279.657881531153,2067.78896526924
"Afr_penguin","s1","Ichaboe",1981,"census","fit",762.058480909318,283.472736188145,2094.17037166388,276.390299707134,2132.23208417124
"Afr_penguin","s1","Ichaboe",1982,"census","fit",765.275340965075,283.693264455529,2061.56304227607,276.082495895694,2139.39485945571
"Afr_penguin","s1","Ichaboe",1983,"census","fit",777.948965972232,306.25125225291,1969.45732671672,296.924020645209,2038.93886917419
"Afr_penguin","s1","Ichaboe",1984,"census","fit",780.121563831947,332.89416201615,1776.96019141843,323.544338570638,1832.64246848809
"Afr_penguin","s1","Ichaboe",1985,"census","fit",783.454185208891,412.041209648344,1453.27559583727,395.728164972446,1513.7537503146
"Afr_penguin","s1","Ichaboe",1986,"census","fit",786.345662115279,641.081281162847,971.960581303291,580.752153286964,1088.67550795749
"Afr_penguin","s1","Ichaboe",1987,"census","fit",1332.35411936051,1089.83026009519,1637.01774768574,982.218043441309,1800.05785151215
"Afr_penguin","s1","Ichaboe",1988,"census","fit",1749.87222038775,1078.50305672877,2843.5338915856,1014.0398350775,2972.57130758139
"Afr_penguin","s1","Ichaboe",1989,"census","fit",2306.88575255305,1869.500577918,2835.48638529248,1689.05633559511,3124.85480842707
"Afr_penguin","s1","Ichaboe",1990,"census","fit",1996.92014110023,1619.76863349163,2440.40380358239,1473.75399926011,2722.82650764941
"Afr_penguin","s1","Ichaboe",1991,"census","fit",2201.90190628622,1361.2167922103,3589.69870403231,1286.17301460118,3787.14353750236
"Afr_penguin","s1","Ichaboe",1992,"census","fit",2419.76350097191,1966.57606086593,2970.16613949657,1790.60318455307,3274.69284784639
"Afr_penguin","s1","Ichaboe",1993,"census","fit",2643.22289093939,2162.78665978784,3228.04369917013,1950.96167680878,3570.96336035499
"Afr_penguin","s1","Ichaboe",1994,"census","fit",2773.64727786431,2267.71149561083,3388.19555296253,2042.13981760841,3746.70411550004
"Afr_penguin","s1","Ichaboe",1995,"census","fit",3202.63952714457,2616.76903470561,3923.04622014548,2348.26175214074,4346.65341285068
"Afr_penguin","s1","Ichaboe",1996,"census","fit",2607.35059639096,2128.9038375158,3182.41682900106,1920.39542114063,3512.70072447928
"Afr_penguin","s1","Ichaboe",1997,"census","fit",1929.00162580131,1570.48456412379,2357.63562397577,1429.59823163829,2615.22829991107
"Afr_penguin","s1","Ichaboe",1998,"census","fit",1603.93505244774,1309.86313831062,1964.5482444207,1182.94815175904,2177.27876925328
"Afr_penguin","s1","Ichaboe",1999,"census","fit",1687.11229420801,1378.72097911425,2067.8645379757,1252.09170749872,2287.83755692439
"Afr_penguin","s1","Ichaboe",2000,"census","fit",1441.48661859919,1174.0711863552,1774.71374763299,1065.10263928827,1950.20783071401
"Afr_penguin","s1","Ichaboe",2001,"census","fit",2152.35017627625,1757.31418520179,2619.30710056273,1591.03661837668,2889.25911819207
"Afr_penguin","s1","Ichaboe",2002,"census","fit",2165.16365926219,1762.41233214868,2637.56699765546,1589.55894957829,2936.11237150118
"Afr_penguin","s1","Ichaboe",2003,"census","fit",1996.23630332978,1627.96312300899,2444.91029788698,1466.50387609967,2698.92714232265
"Afr_penguin","s1","Ichaboe",2004,"census","fit",950.720815300322,779.440045088707,1171.10998407967,711.252971141496,1284.77121815687
"Afr_penguin","s1","Ichaboe",2005,"census","fit",1022.48044698323,836.326223569791,1250.05091906396,755.698365627929,1376.95094058605
"Afr_penguin","s1","Ichaboe",2006,"census","fit",707.353593395978,580.252274781471,863.219552086521,523.562546456679,955.21429637446
"Afr_penguin","s1","Ichaboe",2007,"census","fit",453.864504232809,372.198909444755,560.2243466351,338.919250213042,615.850634583243
"Afr_penguin","s1","Ichaboe",2008,"census","fit",588.565614948082,482.281530531591,718.505913128848,436.228548365497,797.615042562141
"Afr_penguin","s1","Ichaboe",2009,"census","fit",615.425902784667,503.183359311848,749.338757801225,456.208294114455,826.754534697959
"Afr_penguin","s1","Ichaboe",2010,"census","fit",649.428284410707,531.473342326738,791.94378784474,480.485094390055,874.99327742909
"Afr_penguin","s1","Ichaboe",2011,"census","fit",580.744455150474,475.00675507533,710.923528243789,430.990573596665,788.522920586799
"Afr_penguin","s1","Ichaboe",2012,"census","fit",558.33100466587,458.020725232746,681.488091883656,414.778007844363,755.752054209729
"Afr_penguin","s1","Ichaboe",2013,"census","fit",604.814550658519,493.892575108636,741.221578644005,450.510108084485,817.556177841298
"Afr_penguin","s1","Ichaboe",2014,"census","fit",650.665809934866,529.077789350689,792.834553112528,480.915480159794,882.047719430295
"Afr_penguin","s1","Ichaboe",2015,"census","fit",502.303442481225,407.695025480555,623.141246149332,366.37130308093,682.690588975636
"Afr_penguin","s1","Ichaboe",2016,"census","fit",498.30806772225,248.406795119887,992.408738889596,241.935641813723,1013.09763295201
"Afr_penguin","s1","Ichaboe",2017,"census","fit",489.87292695527,186.282547101706,1286.832766604,185.537399073027,1322.62153197138
"Afr_penguin","s1","Ichaboe",2018,"census","prj",484.016606405926,179.626144246126,1307.20721428219,179.69699057285,1319.33040019284
"Afr_penguin","s1","Halifax",1979,"census","fit",373.781204573579,160.897466635067,888.830391191132,157.959809092287,912.088303240788
"Afr_penguin","s1","Halifax",1980,"census","fit",377.046288228618,147.090045724736,992.32945517604,144.626617244786,1023.31043976066
"Afr_penguin","s1","Halifax",1981,"census","fit",385.107121977266,140.670709030417,1036.69600903831,136.188888389231,1068.29055555133
"Afr_penguin","s1","Halifax",1982,"census","fit",388.562094796098,142.341945956643,1048.49885533232,142.320101327654,1077.56091087247
"Afr_penguin","s1","Halifax",1983,"census","fit",395.894497301947,154.834353299523,1003.45150702796,149.671252254977,1038.03287765487
"Afr_penguin","s1","Halifax",1984,"census","fit",401.2338273262,173.871132653578,903.226564232869,169.068755958874,926.18813832678
"Afr_penguin","s1","Halifax",1985,"census","fit",403.416431470218,214.898660906949,762.245884552508,206.951248895843,785.596703546124
"Afr_penguin","s1","Halifax",1986,"census","fit",410.320348132033,334.11042327212,507.238266501048,301.156727764794,557.707377037178
"Afr_penguin","s1","Halifax",1987,"census","fit",654.323830175377,528.028830439272,806.842713714661,483.131901006095,885.075030256125
"Afr_penguin","s1","Halifax",1988,"census","fit",757.858576885422,432.572995749274,1321.99654470896,413.328610676853,1382.37111952855
"Afr_penguin","s1","Halifax",1989,"census","fit",870.708415732705,502.973566333337,1506.3418036026,478.740399093568,1585.07036906404
"Afr_penguin","s1","Halifax",1990,"census","fit",1009.07412829397,815.479643363507,1253.85056162586,737.825691657938,1380.48141044252
"Afr_penguin","s1","Halifax",1991,"census","fit",841.990608602306,524.053713419664,1355.44028704988,498.924606512063,1433.22607360055
"Afr_penguin","s1","Halifax",1992,"census","fit",705.950410462693,572.813066172145,867.249621308708,521.350757590309,954.036401122762
"Afr_penguin","s1","Halifax",1993,"census","fit",702.990631027388,572.025409854166,861.698381777881,518.182351822315,947.882408056152
"Afr_penguin","s1","Halifax",1994,"census","fit",660.136327861652,538.436610899807,809.418692505065,487.937572003213,887.622632838301
"Afr_penguin","s1","Halifax",1995,"census","fit",481.125659340979,392.421967056289,590.195971191016,354.505581634765,649.959242408462
"Afr_penguin","s1","Halifax",1996,"census","fit",397.135942033359,324.627431747595,484.258015866932,292.71584343278,534.358912256265
"Afr_penguin","s1","Halifax",1997,"census","fit",429.173761459708,349.885016733091,525.784747676394,319.53254349406,581.939893871512
"Afr_penguin","s1","Halifax",1998,"census","fit",445.705112149377,366.670715760295,546.578140823571,331.069959168898,601.932028740055
"Afr_penguin","s1","Halifax",1999,"census","fit",480.933657029515,392.700849870555,587.284877046736,358.635773654131,648.39913776461
"Afr_penguin","s1","Halifax",2000,"census","fit",391.067046964943,319.510808944751,479.484477038283,291.474401106963,530.278424982018
"Afr_penguin","s1","Halifax",2001,"census","fit",504.588365974623,412.233612710031,617.030559988413,376.325367080143,682.827121053302
"Afr_penguin","s1","Halifax",2002,"census","fit",511.784877280134,414.989845616712,625.839535069309,375.578581490695,694.836747035016
"Afr_penguin","s1","Halifax",2003,"census","fit",541.804757223081,444.60820371865,665.111408902784,401.097086466244,733.570139918611
"Afr_penguin","s1","Halifax",2004,"census","fit",649.427541754602,530.198889147406,794.467435098692,478.829208648852,882.347207677805
"Afr_penguin","s1","Halifax",2005,"census","fit",614.469529284129,496.320361531028,758.142626029973,454.403443063042,837.765134403091
"Afr_penguin","s1","Halifax",2006,"census","fit",592.846142221519,371.133981857344,958.665509185179,355.256094530917,1005.18149275898
"Afr_penguin","s1","Halifax",2007,"census","fit",576.614817160964,469.237294772937,709.248921170988,427.7304743004,783.261926842649
"Afr_penguin","s1","Halifax",2008,"census","fit",643.867794373217,524.456773493762,796.308700630151,475.056600305977,880.655527230198
"Afr_penguin","s1","Halifax",2009,"census","fit",821.921013520326,670.913012898738,1006.32610742912,607.843988815268,1109.61206784826
"Afr_penguin","s1","Halifax",2010,"census","fit",840.699081055964,687.77196430045,1027.6447172963,621.017392956413,1139.32498833123
"Afr_penguin","s1","Halifax",2011,"census","fit",776.779408851684,630.973710765962,946.372106447548,570.72850719467,1050.86122007117
"Afr_penguin","s1","Halifax",2012,"census","fit",757.773359205733,619.13454315692,926.360848189722,560.480083197441,1023.77450181276
"Afr_penguin","s1","Halifax",2013,"census","fit",843.867545466934,691.764264632159,1034.14724601799,626.236124479926,1138.38371305144
"Afr_penguin","s1","Halifax",2014,"census","fit",895.439807882915,730.557982681612,1096.4548652679,659.447251714719,1208.98438176552
"Afr_penguin","s1","Halifax",2015,"census","fit",1072.40026231005,863.71663156929,1329.48082666005,789.745064937697,1461.69996239478
"Afr_penguin","s1","Halifax",2016,"census","fit",1105.00775606403,553.80954312644,2201.12539143024,530.460946347156,2279.23804894529
"Afr_penguin","s1","Halifax",2017,"census","fit",1138.21060556987,431.642915673744,2941.91748771926,418.761026835508,3010.11228883516
"Afr_penguin","s1","Halifax",2018,"census","prj",1172.56460297859,431.343893455162,3115.52702817016,431.736023907397,3147.4662727897
"Afr_penguin","s1","Possession",1979,"census","fit",308.198244490584,130.768705368346,750.826006219514,126.915654746295,776.811452716719
"Afr_penguin","s1","Possession",1980,"census","fit",315.169235635753,122.916948598825,815.242916076298,119.686067351777,840.145664120172
"Afr_penguin","s1","Possession",1981,"census","fit",320.109143622342,120.725315959497,853.4051066915,117.219750356083,870.713363481119
"Afr_penguin","s1","Possession",1982,"census","fit",322.953381910729,122.089137148138,872.74614002926,119.097362976622,900.943823135952
"Afr_penguin","s1","Possession",1983,"census","fit",325.424677836282,127.060608188245,840.143068369026,122.707890438824,856.896211478136
"Afr_penguin","s1","Possession",1984,"census","fit",330.315916545606,145.218117814124,775.892952129352,141.384856875809,790.68038398611
"Afr_penguin","s1","Possession",1985,"census","fit",336.683439756927,176.275742916717,634.430419365257,168.372544777285,655.216067444947
"Afr_penguin","s1","Possession",1986,"census","fit",339.48867464445,274.3621251643,420.408490861197,250.111588632222,462.28379211798
"Afr_penguin","s1","Possession",1987,"census","fit",470.363889997482,384.36946683764,575.407254993657,349.554471921114,635.795708533062
"Afr_penguin","s1","Possession",1988,"census","fit",869.241468343794,703.562008859582,1062.54503944588,637.696940788725,1170.34765085673
"Afr_penguin","s1","Possession",1989,"census","fit",784.269165360177,478.869188096267,1276.63691787625,461.139912028081,1341.29535123986
"Afr_penguin","s1","Possession",1990,"census","fit",707.627235812105,573.745263734664,876.987434232617,521.17327134265,963.228045202341
"Afr_penguin","s1","Possession",1991,"census","fit",695.749695861798,429.341517881216,1120.83494651485,408.317749530489,1171.17538652822
"Afr_penguin","s1","Possession",1992,"census","fit",675.294642110523,549.557940152915,834.627116610042,501.311336804184,911.522006069849
"Afr_penguin","s1","Possession",1993,"census","fit",719.726541898259,585.833999111129,881.242955630972,534.916013902712,970.678423208542
"Afr_penguin","s1","Possession",1994,"census","fit",531.201630535089,434.101416636443,651.617583604049,392.249520680821,722.4430091463
"Afr_penguin","s1","Possession",1995,"census","fit",587.273287953138,479.108882528957,719.760191286432,433.132833177158,798.247413506385
"Afr_penguin","s1","Possession",1996,"census","fit",507.078920099181,414.437435466756,620.356686722957,376.279873784828,685.473993165087
"Afr_penguin","s1","Possession",1997,"census","fit",507.140984701717,413.65921089006,618.996837821327,374.24896379592,682.031016242452
"Afr_penguin","s1","Possession",1998,"census","fit",468.982882082978,383.335480259239,573.888483159487,348.598279825104,630.866758438675
"Afr_penguin","s1","Possession",1999,"census","fit",464.326122527006,377.840109351714,567.348538603814,342.422051313004,626.555671993305
"Afr_penguin","s1","Possession",2000,"census","fit",368.31085947988,302.168530469326,451.966405740959,274.804239777703,498.291647568999
"Afr_penguin","s1","Possession",2001,"census","fit",366.103981003299,299.333226971521,449.559778805605,272.755078262985,494.693253621323
"Afr_penguin","s1","Possession",2002,"census","fit",400.047127639073,326.007402471997,490.264809996472,294.371723692205,540.594178620958
"Afr_penguin","s1","Possession",2003,"census","fit",379.869702474818,311.204851801781,463.726680238165,280.312768152431,513.331254299486
"Afr_penguin","s1","Possession",2004,"census","fit",438.649230259188,360.181813365271,536.123183437929,325.566380830291,590.871563582455
"Afr_penguin","s1","Possession",2005,"census","fit",455.55877677461,371.972144385892,556.897283194363,335.263682699944,613.311819060306
"Afr_penguin","s1","Possession",2006,"census","fit",372.57975223747,305.944774262123,456.148125869674,277.953243778939,502.972190028235
"Afr_penguin","s1","Possession",2007,"census","fit",452.722686669874,368.766061893591,553.602410637119,333.567838989766,608.262665072637
"Afr_penguin","s1","Possession",2008,"census","fit",483.402793541178,392.901386811232,593.886991469155,354.918970220577,653.369292789936
"Afr_penguin","s1","Possession",2009,"census","fit",600.407343175152,489.616048539479,735.043447735972,446.139124094696,818.981702250791
"Afr_penguin","s1","Possession",2010,"census","fit",597.418722576393,488.090195170257,730.412068564322,445.687937302392,812.532222835763
"Afr_penguin","s1","Possession",2011,"census","fit",619.959177349599,507.014715846948,762.330638104106,458.092056223922,843.496453405335
"Afr_penguin","s1","Possession",2012,"census","fit",627.055634743169,514.867205645484,768.461346730752,463.879122437268,850.687764094666
"Afr_penguin","s1","Possession",2013,"census","fit",729.049605592847,594.292683596666,886.643760291832,538.985939311088,986.772055489571
"Afr_penguin","s1","Possession",2014,"census","fit",869.323233833638,708.977005790043,1067.85091185422,643.235224506757,1178.6115114962
"Afr_penguin","s1","Possession",2015,"census","fit",1167.37737414174,945.784125462232,1436.43087066235,860.647966817878,1586.82732833562
"Afr_penguin","s1","Possession",2016,"census","fit",1204.20339581193,606.342814076264,2422.51454370687,578.041558779947,2514.47813098985
"Afr_penguin","s1","Possession",2017,"census","fit",1243.29914815286,478.975649714147,3309.83529420399,466.25902523784,3414.99032433157
"Afr_penguin","s1","Possession",2018,"census","prj",1289.73277728681,484.124888590504,3527.64002103741,475.579123480016,3546.5046053806
